area_sqft,bedrooms,bathrooms,age_years,distance_km,floor_number,has_parking,has_garden,locality_score,price
1568.0,5,5,8.0,11.1,0,1,0,2.7,323523.0
828.0,1,1,2.0,9.1,16,1,0,3.9,225523.0
1813.0,2,1,6.0,4.3,13,1,1,5.3,363487.0
1917.0,2,1,9.0,3.9,2,0,1,7.9,401980.0
327.0,2,1,7.0,6.3,13,0,1,4.4,196287.0
684.0,3,2,44.0,14.3,11,1,0,6.3,204874.0
1470.0,5,5,17.0,7.6,0,1,1,6.5,343001.0
1226.0,1,1,24.0,2.7,4,1,1,5.5,256060.0
1391.0,5,4,6.0,1.6,6,1,1,6.5,381964.0
931.0,4,3,2.0,11.9,4,1,0,3.3,232014.0
1884.0,4,3,48.0,17.5,11,0,1,4.7,323359.0
1828.0,4,4,1.0,1.2,12,0,1,8.9,456010.0
1436.0,1,1,6.0,12.2,3,1,1,9.0,362403.0
2020.0,4,3,21.0,9.0,2,0,1,7.7,402331.0
1657.0,2,2,9.0,3.3,13,1,1,8.2,395891.0
927.0,3,3,15.0,7.7,9,0,0,2.3,211558.0
1603.0,4,3,5.0,2.3,5,0,0,4.1,345500.0
873.0,4,4,17.0,5.5,5,1,0,5.4,274219.0
1883.0,2,2,3.0,6.6,0,0,1,10.0,396226.0
1373.0,2,2,8.0,15.4,17,0,0,5.4,285890.0
1298.0,3,2,20.0,5.3,16,1,0,7.5,332323.0
1025.0,1,1,7.0,3.6,11,1,1,6.8,301188.0
2072.0,4,4,15.0,8.5,6,0,1,6.7,435718.0
1315.0,1,1,44.0,9.9,4,1,1,6.0,262552.0
1164.0,3,3,18.0,3.5,6,1,1,3.6,282586.0
1206.0,4,3,16.0,2.6,18,0,0,0.6,261181.0
1693.0,1,1,24.0,2.8,1,1,0,8.6,379748.0
1601.0,5,4,13.0,15.5,16,1,0,4.8,352473.0
1627.0,2,1,7.0,9.6,6,0,1,2.3,309312.0
1637.0,1,1,28.0,5.0,5,1,0,6.9,318621.0
2578.0,4,4,23.0,13.7,16,1,0,6.8,460588.0
1176.0,3,2,6.0,3.5,19,0,1,7.5,336416.0
1118.0,4,4,10.0,6.2,19,1,0,8.2,349321.0
952.0,4,3,18.0,2.2,5,0,1,4.2,227151.0
1739.0,3,2,3.0,13.3,11,0,0,4.3,317639.0
2021.0,5,5,18.0,3.2,5,1,1,5.4,440318.0
1337.0,2,1,17.0,3.3,3,1,0,7.6,322724.0
938.0,3,2,4.0,8.6,7,0,1,1.8,201204.0
947.0,1,1,39.0,0.5,1,0,1,6.3,232089.0
1758.0,4,3,9.0,1.8,3,1,0,7.9,420887.0
1809.0,2,2,9.0,10.9,11,1,0,7.8,395383.0
1699.0,4,4,25.0,2.8,13,1,1,7.4,400421.0
1034.0,5,5,28.0,27.8,5,0,0,8.1,288416.0
1528.0,5,5,5.0,7.4,11,0,1,0.5,289895.0
1464.0,5,4,12.0,1.1,15,1,0,9.2,417545.0
1520.0,1,1,2.0,18.1,17,0,1,6.7,337086.0
1879.0,1,1,24.0,7.4,11,1,0,8.7,369498.0
1523.0,5,4,13.0,5.6,4,1,0,3.7,327781.0
1773.0,2,1,3.0,7.4,14,0,0,2.5,286880.0
1437.0,1,1,7.0,1.1,3,1,0,9.6,356874.0
1559.0,2,2,5.0,6.3,2,0,0,4.1,302619.0
1747.0,5,4,7.0,2.9,7,1,1,5.4,418948.0
599.0,2,1,2.0,6.0,6,0,1,7.1,237221.0
1224.0,1,1,33.0,4.4,2,0,1,7.5,274596.0
1141.0,4,3,5.0,7.1,1,1,1,8.2,333029.0
1049.0,1,1,13.0,5.0,18,1,0,6.4,263552.0
1249.0,2,2,18.0,4.2,13,0,0,3.9,238867.0
2222.0,1,1,28.0,2.6,14,1,1,7.4,433148.0
924.0,4,4,14.0,1.1,1,0,0,7.4,315957.0
1933.0,3,3,11.0,0.9,15,1,0,2.4,361038.0
474.0,5,4,14.0,1.8,7,1,1,8.8,308282.0
1216.0,2,1,5.0,10.3,14,0,1,1.0,230475.0
1490.0,2,1,6.0,2.5,9,1,0,8.1,366037.0
1722.0,1,1,11.0,3.6,4,1,0,4.7,344597.0
1791.0,2,1,1.0,3.6,5,1,0,7.4,375845.0
1836.0,3,2,7.0,4.5,2,0,1,7.0,388467.0
1208.0,1,1,9.0,9.1,16,0,0,5.9,261836.0
1146.0,3,3,44.0,4.9,8,1,1,6.9,304999.0
1872.0,5,5,31.0,11.7,15,1,0,5.8,371248.0
1295.0,4,3,18.0,1.9,16,1,0,7.4,377492.0
698.0,4,3,24.0,10.9,3,0,0,10.0,286989.0
777.0,5,4,6.0,16.6,6,1,0,3.3,252730.0
894.0,4,3,14.0,6.2,2,1,1,0.0,199904.0
1673.0,4,3,22.0,2.3,0,1,0,5.2,348280.0
1478.0,5,5,6.0,9.2,19,1,1,5.0,382933.0
1780.0,1,1,3.0,6.3,13,0,0,5.2,350138.0
1165.0,5,5,17.0,8.0,9,1,1,4.1,299768.0
1487.0,2,1,4.0,12.0,4,1,1,7.7,317900.0
1744.0,4,3,19.0,4.6,11,1,0,3.2,315964.0
1230.0,5,4,28.0,4.0,10,1,1,6.9,352399.0
1651.0,3,3,6.0,31.4,4,1,0,7.3,352041.0
1036.0,1,1,6.0,9.3,0,1,0,6.6,242706.0
1200.0,2,1,27.0,13.4,9,1,1,7.0,276847.0
1190.0,3,2,14.0,11.5,10,1,1,7.9,319692.0
742.0,5,4,25.0,13.6,15,1,1,6.1,292783.0
1668.0,5,5,11.0,8.2,7,0,1,5.3,410526.0
1142.0,3,3,11.0,12.4,1,1,0,7.0,305358.0
1407.0,5,5,13.0,3.6,17,1,0,7.2,404038.0
1664.0,3,2,39.0,1.1,8,0,0,7.8,368575.0
1646.0,3,3,23.0,2.8,14,1,0,2.6,296573.0
1766.0,5,4,7.0,5.6,0,1,0,5.6,405157.0
1346.0,4,4,15.0,5.0,0,0,0,3.9,281404.0
1167.0,3,2,10.0,6.4,0,1,0,7.1,307764.0
1356.0,3,3,9.0,3.4,15,0,0,7.5,366524.0
472.0,4,3,19.0,0.6,4,1,0,5.5,228619.0
604.0,4,4,16.0,4.5,15,0,1,4.5,250307.0
673.0,3,3,6.0,1.6,18,0,0,7.2,292544.0
852.0,1,1,13.0,6.2,13,1,1,5.7,218819.0
1620.0,1,1,9.0,8.5,19,1,1,8.9,351222.0
902.0,1,1,18.0,4.5,18,0,0,9.5,301355.0
1192.0,3,3,8.0,2.2,14,1,1,8.0,377370.0
2115.0,4,3,12.0,6.6,16,1,1,6.5,449302.0
1204.0,5,5,9.0,32.5,12,0,0,9.7,336863.0
1806.0,2,2,2.0,9.3,4,0,1,6.5,382281.0
887.0,4,3,37.0,9.8,2,0,0,5.0,232978.0
1287.0,4,3,13.0,4.1,7,0,0,4.6,296097.0
877.0,1,1,38.0,3.0,9,0,0,4.6,205218.0
1214.0,2,2,14.0,13.6,6,0,1,6.0,268941.0
1862.0,2,2,21.0,0.4,2,0,1,6.9,384736.0
450.0,5,5,8.0,3.3,10,0,1,3.2,223670.0
1639.0,5,4,8.0,19.2,9,0,1,5.1,335200.0
1531.0,5,5,13.0,5.9,19,1,0,6.4,380966.0
1073.0,3,2,38.0,1.3,19,1,0,7.3,329612.0
605.0,3,2,6.0,8.7,12,1,0,5.9,221334.0
1440.0,2,2,2.0,4.5,17,0,0,6.5,341799.0
1109.0,4,4,27.0,1.0,6,0,1,3.5,279629.0
1528.0,1,1,22.0,7.5,19,1,0,4.2,285545.0
1412.0,2,1,9.0,6.7,18,1,0,5.9,328197.0
2281.0,1,1,48.0,6.4,2,1,0,7.0,385524.0
1268.0,3,3,49.0,9.2,14,1,0,6.5,274170.0
837.0,2,2,2.0,2.0,9,0,0,4.3,242231.0
1499.0,1,1,8.0,8.1,5,0,0,5.5,285396.0
1521.0,2,2,13.0,7.1,8,1,0,9.0,394787.0
2148.0,5,5,18.0,13.4,18,1,0,7.1,458832.0
1859.0,3,3,16.0,3.3,18,1,0,5.7,381430.0
1596.0,5,4,13.0,15.0,6,1,1,3.9,343270.0
2205.0,5,4,5.0,11.3,9,0,0,4.6,405012.0
746.0,5,5,19.0,5.7,10,0,0,6.0,274617.0
1048.0,2,2,20.0,6.4,14,0,0,6.6,265564.0
890.0,5,5,26.0,0.4,9,1,0,7.1,306654.0
1186.0,5,4,5.0,6.3,7,1,0,6.8,336966.0
643.0,5,5,11.0,10.8,18,0,0,5.3,285233.0
1749.0,2,2,9.0,5.0,7,0,1,5.0,347661.0
1278.0,2,2,4.0,13.4,5,1,1,10.0,351570.0
591.0,3,2,11.0,8.8,6,0,0,4.9,189839.0
841.0,5,5,5.0,23.2,6,1,0,3.4,237364.0
1572.0,5,4,4.0,3.5,11,1,0,2.7,337357.0
1861.0,3,2,23.0,10.0,13,0,0,5.3,329073.0
2498.0,1,1,9.0,1.7,2,0,0,7.9,454590.0
3003.0,3,3,7.0,5.4,17,0,1,4.8,514054.0
1628.0,4,4,30.0,9.2,5,1,0,9.0,385696.0
856.0,3,3,21.0,10.5,2,1,0,6.0,234330.0
250.0,2,2,2.0,4.7,13,0,0,8.2,211506.0
1547.0,2,1,18.0,14.4,4,0,0,4.5,263731.0
953.0,1,1,18.0,16.6,15,1,0,4.5,196227.0
1172.0,2,2,11.0,3.5,18,1,0,6.2,309867.0
1063.0,4,3,10.0,5.5,13,1,0,7.0,353501.0
1323.0,2,2,3.0,5.1,15,0,0,5.6,325349.0
1986.0,5,5,48.0,4.1,9,0,0,6.6,428075.0
1486.0,1,1,11.0,15.9,6,1,1,7.2,308260.0
1313.0,3,2,17.0,15.7,12,1,0,3.2,277860.0
830.0,3,2,12.0,5.2,7,1,0,5.3,253552.0
479.0,5,5,7.0,10.0,17,1,1,5.0,265731.0
1133.0,5,4,24.0,13.3,9,1,1,5.1,302122.0
1370.0,3,2,15.0,7.6,9,1,0,6.8,323694.0
2372.0,4,4,11.0,4.9,13,0,0,5.0,454679.0
1472.0,4,4,17.0,3.3,3,1,0,2.0,305355.0
1941.0,3,2,12.0,10.7,11,0,0,5.5,339563.0
1125.0,1,1,40.0,1.8,15,1,1,3.9,233582.0
748.0,3,3,23.0,5.0,15,1,0,7.0,278378.0
869.0,2,1,19.0,4.3,4,1,0,7.6,268846.0
1001.0,3,2,3.0,1.7,1,0,0,1.7,227721.0
2571.0,4,4,19.0,5.9,3,1,0,4.5,445368.0
948.0,2,1,19.0,5.4,16,1,0,6.7,270761.0
1861.0,2,1,6.0,2.7,5,1,0,3.2,335429.0
903.0,5,4,3.0,15.4,1,1,0,7.6,302566.0
1912.0,2,2,23.0,10.8,11,1,1,8.1,387626.0
1612.0,1,1,25.0,6.5,17,1,1,5.7,336474.0
1314.0,4,3,8.0,11.9,4,1,1,4.5,312899.0
1378.0,4,4,8.0,14.0,0,1,1,1.4,275128.0
1040.0,5,4,15.0,15.9,2,0,1,7.6,335991.0
1645.0,4,3,9.0,3.5,2,1,1,10.0,446143.0
1150.0,5,5,3.0,11.9,4,0,0,9.6,384167.0
726.0,3,2,5.0,5.4,3,0,0,5.6,238749.0
697.0,2,1,17.0,7.4,12,1,0,3.8,187112.0
1495.0,5,4,6.0,3.6,4,0,0,7.7,374722.0
2269.0,2,1,25.0,6.2,10,1,1,5.7,409651.0
1488.0,2,1,19.0,12.1,8,0,0,7.0,267535.0
1335.0,5,4,17.0,18.7,13,0,1,6.6,331275.0
1557.0,5,4,14.0,5.8,13,0,1,6.2,382412.0
2118.0,2,1,7.0,2.8,11,1,0,8.1,435398.0
1521.0,4,4,21.0,20.6,17,0,0,8.1,346425.0
1174.0,5,5,7.0,3.4,3,0,0,5.0,301676.0
2008.0,4,4,26.0,1.1,10,0,0,4.2,401632.0
1636.0,1,1,36.0,3.9,7,1,0,1.0,235986.0
2245.0,4,4,15.0,13.5,10,0,0,5.3,396401.0
1501.0,1,1,33.0,3.2,2,0,0,3.8,261673.0
727.0,5,5,6.0,2.1,6,1,0,6.8,309827.0
648.0,1,1,19.0,6.9,18,0,0,5.3,185307.0
2308.0,5,5,13.0,18.7,16,0,0,5.5,424128.0
2348.0,1,1,23.0,9.0,8,0,0,7.6,408335.0
1301.0,3,2,2.0,1.8,2,1,1,6.8,367679.0
1189.0,2,1,22.0,25.5,12,1,0,5.8,241926.0
2204.0,5,4,8.0,8.2,6,0,1,9.4,494770.0
791.0,2,2,14.0,12.6,6,1,0,7.5,261412.0
908.0,4,3,47.0,1.4,1,0,0,5.2,233889.0
1754.0,1,1,20.0,22.7,5,0,1,5.3,292374.0
1183.0,3,3,18.0,4.6,4,1,1,7.6,334950.0
1397.0,5,4,17.0,1.3,0,0,0,6.4,359823.0
1310.0,5,4,28.0,7.5,11,1,1,3.8,301862.0
1586.0,2,2,23.0,12.6,19,0,0,7.8,320437.0
2174.0,2,1,17.0,10.0,2,0,1,8.5,430378.0
1450.0,3,3,15.0,9.8,1,1,0,8.4,378089.0
1754.0,3,2,15.0,9.3,2,1,1,9.1,391106.0
272.0,3,2,13.0,7.0,10,1,1,10.0,258556.0
1373.0,1,1,4.0,1.4,16,1,1,9.5,372390.0
936.0,4,3,19.0,5.4,6,0,1,6.7,300125.0
730.0,2,1,8.0,4.8,2,1,1,5.6,240613.0
917.0,2,2,11.0,16.0,1,1,0,2.3,230591.0
1216.0,5,4,24.0,13.5,12,1,0,6.0,306918.0
1904.0,4,4,13.0,4.3,7,0,1,7.0,442864.0
670.0,2,2,12.0,11.2,7,0,0,6.1,232975.0
1417.0,5,4,15.0,6.0,4,1,0,2.2,308226.0
1134.0,2,1,10.0,1.1,17,1,1,5.4,298171.0
1220.0,3,3,46.0,0.4,7,1,0,7.3,309998.0
1952.0,2,2,42.0,10.2,14,1,1,3.9,328359.0
1696.0,1,1,42.0,2.4,14,1,1,6.3,348354.0
2136.0,3,3,17.0,2.4,1,0,0,6.9,407391.0
1315.0,3,3,8.0,3.4,4,1,0,8.2,358076.0
1017.0,5,5,25.0,10.4,17,1,1,9.4,355115.0
1277.0,2,2,10.0,13.6,17,0,0,5.2,248309.0
1533.0,5,4,26.0,13.4,8,0,1,6.4,359379.0
1497.0,4,3,8.0,1.0,3,1,0,6.4,384877.0
804.0,1,1,18.0,3.3,5,1,0,7.3,238913.0
1450.0,4,4,29.0,2.8,18,0,0,7.1,370192.0
1526.0,3,2,11.0,10.4,13,1,1,8.9,363157.0
2785.0,2,1,11.0,3.4,1,0,0,1.3,399725.0
2432.0,3,3,3.0,5.7,14,0,1,6.8,474688.0
931.0,2,2,8.0,11.1,2,0,1,7.0,263976.0
1242.0,4,4,17.0,6.6,6,1,0,5.5,316602.0
595.0,3,2,18.0,8.2,9,1,0,1.5,157661.0
1075.0,3,2,20.0,5.5,7,0,0,5.9,263021.0
1574.0,2,2,2.0,12.7,13,1,1,4.6,323990.0
2063.0,2,2,10.0,13.6,3,1,0,9.4,445009.0
999.0,3,3,4.0,9.3,17,1,1,6.8,303700.0
1040.0,3,2,16.0,13.6,11,1,1,4.4,283785.0
250.0,2,2,3.0,31.2,6,0,0,1.9,58738.0
1311.0,3,3,5.0,11.0,19,0,0,7.2,334859.0
816.0,2,2,23.0,6.2,9,0,1,7.4,263365.0
1109.0,3,2,9.0,8.3,8,1,1,5.6,288897.0
918.0,1,1,33.0,14.6,0,0,1,7.2,235467.0
1348.0,3,2,21.0,4.6,19,0,0,5.3,308637.0
433.0,4,3,11.0,4.2,16,1,0,8.1,264255.0
593.0,5,4,26.0,8.2,3,0,0,8.0,277202.0
2571.0,4,4,12.0,6.1,18,1,1,2.7,440951.0
692.0,4,4,22.0,2.8,15,1,0,3.2,219509.0
797.0,1,1,7.0,7.3,8,0,1,10.0,294142.0
2410.0,2,1,27.0,16.7,18,1,0,7.9,437681.0
2998.0,4,3,3.0,9.1,11,1,1,3.5,512471.0
756.0,5,4,5.0,2.3,13,0,0,2.9,242897.0
1197.0,3,2,6.0,10.2,3,1,1,6.4,306656.0
1588.0,5,4,8.0,5.1,2,1,0,3.7,365014.0
2351.0,2,2,17.0,24.6,10,1,1,5.4,390574.0
857.0,1,1,13.0,9.6,6,0,1,5.9,211905.0
1265.0,1,1,22.0,3.9,19,0,0,5.8,261211.0
1828.0,3,3,29.0,10.7,1,1,0,8.3,406222.0
1639.0,4,3,3.0,7.7,15,0,0,9.7,410369.0
1193.0,2,2,32.0,15.6,12,1,0,5.0,246232.0
1326.0,4,4,11.0,4.2,17,1,0,3.7,336961.0
644.0,4,4,41.0,9.6,19,1,0,6.8,250022.0
1269.0,2,2,7.0,1.4,17,1,0,9.3,357795.0
1253.0,2,2,2.0,7.0,7,1,0,5.2,281384.0
1528.0,4,4,21.0,2.2,13,0,1,7.7,413662.0
1095.0,4,3,20.0,7.5,3,0,0,4.3,242534.0
1659.0,1,1,5.0,8.8,9,0,0,6.0,315136.0
1957.0,2,2,6.0,9.3,5,0,1,3.7,350461.0
1485.0,3,2,24.0,4.2,5,1,0,6.0,323796.0
1593.0,3,3,18.0,7.2,11,1,1,5.8,363137.0
1429.0,1,1,10.0,14.3,2,1,1,7.2,290643.0
1400.0,5,5,19.0,20.1,11,1,1,9.6,385544.0
1003.0,2,1,16.0,7.4,8,0,0,5.2,244602.0
1574.0,2,2,6.0,14.6,4,1,0,2.0,276507.0
1346.0,1,1,25.0,3.0,11,1,1,5.6,286314.0
2551.0,5,5,22.0,4.8,15,1,1,6.6,499884.0
2265.0,2,2,14.0,8.0,12,0,0,6.4,413562.0
1612.0,5,4,24.0,6.1,1,1,0,5.7,343682.0
980.0,3,2,44.0,5.6,11,0,1,9.0,306710.0
788.0,5,5,6.0,13.5,12,1,1,6.3,299138.0
2055.0,1,1,11.0,2.6,13,1,0,5.8,377975.0
1545.0,1,1,11.0,2.9,8,1,0,4.4,289307.0
1664.0,5,5,23.0,1.9,1,0,0,2.5,319799.0
440.0,5,5,8.0,8.2,2,0,0,6.7,222833.0
1910.0,3,2,22.0,5.1,6,1,1,6.5,400097.0
1650.0,1,1,9.0,12.6,12,1,0,3.9,282350.0
789.0,5,4,5.0,7.7,14,1,0,5.9,296477.0
1141.0,2,1,14.0,4.1,13,1,0,5.7,289004.0
1545.0,5,4,9.0,3.6,6,1,1,4.8,386324.0
1429.0,5,5,15.0,5.8,8,1,1,4.4,354518.0
1239.0,5,5,18.0,2.3,0,0,1,6.8,366225.0
1343.0,4,4,3.0,13.7,15,0,1,5.5,348510.0
1261.0,4,4,10.0,4.9,7,0,1,4.8,319873.0
1484.0,3,2,14.0,1.6,10,0,0,4.3,314611.0
2209.0,1,1,24.0,15.7,8,0,0,5.7,342587.0
250.0,2,1,22.0,5.9,5,0,1,7.8,172833.0
1270.0,4,3,7.0,10.1,3,1,0,6.4,342999.0
1497.0,5,4,12.0,4.2,19,1,0,5.5,381256.0
1563.0,3,3,19.0,16.0,2,1,1,6.6,347100.0
1195.0,4,4,11.0,3.2,18,0,0,8.7,356070.0
434.0,1,1,7.0,5.1,2,1,1,7.0,235887.0
1580.0,3,2,13.0,1.1,1,1,0,6.5,356229.0
2350.0,3,3,17.0,15.8,18,1,0,7.3,433144.0
556.0,5,4,6.0,3.7,18,0,1,5.7,260107.0
1875.0,2,2,20.0,8.3,17,1,1,6.4,402967.0
1219.0,2,1,15.0,9.2,15,0,0,5.0,243967.0
1366.0,2,1,21.0,14.0,9,1,0,2.9,228272.0
821.0,1,1,13.0,7.9,2,0,0,6.7,264117.0
1216.0,3,3,40.0,6.2,11,1,0,6.7,309093.0
2115.0,4,4,17.0,13.1,10,0,0,5.4,384747.0
1720.0,5,5,22.0,9.1,14,1,0,8.1,403810.0
2353.0,5,5,20.0,5.4,0,1,0,4.6,421796.0
2048.0,1,1,12.0,16.3,1,0,0,2.5,293544.0
1641.0,2,2,16.0,9.6,11,0,0,4.6,316020.0
2359.0,2,2,8.0,2.1,17,0,0,2.9,415265.0
1641.0,2,1,38.0,18.3,18,0,0,6.7,267592.0
1855.0,5,4,19.0,4.1,11,1,0,4.5,370825.0
1237.0,1,1,7.0,14.0,7,1,1,8.0,304792.0
1437.0,1,1,33.0,1.6,9,1,1,7.9,370333.0
1016.0,5,5,12.0,13.0,10,0,1,4.2,289891.0
1944.0,5,5,24.0,2.2,12,0,0,4.4,399091.0
752.0,2,2,3.0,7.7,4,0,1,7.1,239067.0
1830.0,2,2,29.0,9.4,7,0,0,8.0,331520.0
1295.0,3,3,18.0,5.5,10,0,0,2.0,250704.0
2044.0,3,2,6.0,6.8,17,1,1,6.6,427771.0
1813.0,5,5,18.0,2.7,16,1,0,1.6,353715.0
2401.0,3,3,36.0,12.1,15,1,1,4.9,407732.0
1802.0,1,1,8.0,8.0,4,0,1,8.2,364159.0
535.0,3,3,8.0,3.2,8,1,0,10.0,282823.0
1363.0,3,3,11.0,8.3,11,0,0,5.5,328057.0
755.0,3,2,14.0,8.5,19,0,1,3.5,200379.0
1115.0,3,2,26.0,7.0,7,1,0,5.0,258854.0
2231.0,5,4,19.0,0.4,18,0,0,6.1,456921.0
1751.0,5,5,11.0,4.9,14,1,0,4.7,404166.0
1016.0,2,1,17.0,11.9,12,0,1,4.2,211422.0
842.0,2,1,40.0,9.8,14,1,0,5.1,215469.0
1418.0,4,3,21.0,9.6,15,1,1,6.8,344049.0
731.0,3,3,12.0,8.0,13,1,1,5.7,255041.0
1031.0,3,2,11.0,12.9,13,1,0,4.2,270371.0
1572.0,1,1,16.0,4.1,7,0,0,4.7,278967.0
2035.0,2,1,25.0,3.4,8,0,1,5.2,375333.0
1735.0,4,4,7.0,21.4,11,0,0,4.0,337355.0
250.0,5,4,23.0,3.7,16,1,0,4.6,206019.0
1567.0,4,4,12.0,2.0,13,0,0,7.3,385311.0
1440.0,2,1,14.0,5.5,19,1,1,5.5,353180.0
1628.0,1,1,60.0,7.2,13,1,1,2.5,243240.0
2289.0,1,1,21.0,13.0,8,0,0,8.0,403409.0
265.0,2,2,9.0,4.9,11,0,0,6.8,186069.0
1075.0,3,2,18.0,4.9,12,0,0,3.2,239175.0
1725.0,5,4,26.0,6.7,17,0,1,5.3,388028.0
530.0,5,5,22.0,4.3,5,1,0,4.4,227106.0
2212.0,1,1,2.0,1.6,4,1,1,7.4,412437.0
1603.0,4,3,13.0,2.2,4,1,1,5.3,376174.0
1866.0,2,2,18.0,15.4,1,1,0,5.9,325901.0
1086.0,1,1,17.0,11.1,13,1,1,5.6,265924.0
1848.0,3,2,10.0,6.5,19,1,1,3.0,353745.0
1988.0,1,1,22.0,9.8,12,1,1,8.8,417308.0
1528.0,2,2,29.0,11.3,1,1,0,7.3,305597.0
1529.0,3,3,3.0,3.9,7,0,1,4.5,329439.0
1549.0,2,2,3.0,2.7,18,1,0,6.4,357801.0
925.0,3,3,18.0,14.4,1,1,1,7.9,263308.0
1319.0,3,3,23.0,0.6,12,0,0,6.1,332792.0
1316.0,4,4,8.0,9.9,8,0,0,9.1,343742.0
1611.0,1,1,2.0,7.6,18,1,1,10.0,419300.0
1950.0,1,1,13.0,13.4,10,1,0,5.7,353352.0
818.0,3,3,18.0,10.2,11,0,0,4.8,221070.0
1331.0,2,2,11.0,9.8,14,0,1,4.0,280460.0
2215.0,4,3,27.0,2.9,16,1,0,1.6,378378.0
991.0,1,1,17.0,11.6,10,1,1,8.5,276322.0
948.0,3,2,8.0,9.1,14,1,1,5.3,277128.0
1511.0,5,4,8.0,3.3,16,1,0,7.8,420605.0
1864.0,1,1,14.0,7.7,10,1,0,8.2,370056.0
1406.0,2,1,10.0,2.4,14,0,1,3.8,296515.0
2131.0,5,5,3.0,5.8,7,1,1,4.1,403609.0
1871.0,3,2,16.0,27.3,7,1,0,9.5,354784.0
1863.0,1,1,9.0,2.8,0,0,1,5.9,364907.0
1705.0,2,1,10.0,1.6,13,1,0,4.7,337230.0
2680.0,4,4,5.0,2.2,5,0,0,3.9,459772.0
1287.0,5,5,36.0,5.8,16,1,1,5.7,336944.0
298.0,2,2,21.0,10.7,19,1,0,9.0,212551.0
2282.0,3,3,42.0,6.9,17,1,0,7.4,418195.0
1148.0,4,4,11.0,1.9,5,0,0,6.4,297927.0
1459.0,1,1,21.0,10.6,13,0,1,9.2,308648.0
2120.0,2,2,16.0,0.9,15,0,0,8.8,452363.0
519.0,4,3,8.0,2.1,10,1,0,6.7,255117.0
712.0,1,1,11.0,4.1,10,0,0,10.0,285530.0
519.0,4,3,21.0,14.0,8,1,0,5.5,199535.0
963.0,3,3,5.0,7.1,6,0,1,8.2,317644.0
1642.0,5,5,27.0,7.3,11,1,0,5.2,364470.0
1688.0,1,1,15.0,1.9,19,0,0,7.8,363616.0
1552.0,5,4,24.0,4.5,4,1,1,5.5,367289.0
623.0,2,1,18.0,12.6,0,1,0,6.9,200814.0
250.0,1,1,3.0,8.6,1,0,0,10.0,192525.0
1430.0,4,4,13.0,10.9,11,1,1,7.9,388476.0
1141.0,3,2,27.0,6.5,5,1,1,7.0,323398.0
1653.0,5,4,15.0,12.7,9,0,0,4.5,362213.0
1786.0,1,1,14.0,1.9,19,1,1,6.4,367662.0
1476.0,1,1,15.0,5.7,1,1,0,4.0,265834.0
1818.0,3,3,2.0,9.6,3,0,1,7.8,395854.0
1526.0,5,4,29.0,1.3,4,0,0,7.7,373726.0
1692.0,3,2,1.0,0.3,9,1,1,5.6,386092.0
1012.0,4,4,33.0,21.4,13,1,0,9.3,285805.0
1301.0,5,5,10.0,7.1,3,1,1,9.0,378342.0
1508.0,5,5,19.0,1.2,2,1,1,6.3,389573.0
1851.0,3,2,2.0,7.0,1,0,1,7.1,345942.0
1183.0,4,4,23.0,2.1,16,0,1,4.8,305025.0
1687.0,3,3,20.0,2.9,0,1,0,5.5,340250.0
1254.0,4,4,19.0,14.3,12,1,0,3.8,289814.0
1335.0,3,3,2.0,4.2,11,0,0,5.0,330127.0
1856.0,3,2,7.0,4.2,2,1,0,5.8,397035.0
304.0,3,3,18.0,2.0,11,0,1,2.7,154672.0
687.0,4,4,29.0,5.0,5,1,1,7.2,257674.0
585.0,4,3,6.0,7.5,10,1,0,8.0,266176.0
250.0,5,5,6.0,4.2,2,0,0,6.0,226807.0
1027.0,4,4,17.0,25.2,13,0,1,0.6,161424.0
1812.0,1,1,57.0,2.6,15,1,0,5.5,331966.0
1243.0,3,2,8.0,2.6,0,0,0,3.2,258785.0
1509.0,2,2,10.0,4.8,10,1,0,4.8,326184.0
1999.0,1,1,9.0,23.2,12,1,0,8.9,357572.0
2130.0,1,1,12.0,11.0,0,1,1,1.1,299276.0
1362.0,3,3,30.0,4.1,14,1,0,4.4,270126.0
2144.0,5,4,13.0,4.1,10,0,0,7.7,476629.0
1451.0,3,2,60.0,2.5,6,1,0,4.6,271025.0
939.0,3,3,15.0,4.7,9,1,0,4.4,264630.0
1073.0,1,1,32.0,5.5,13,1,0,10.0,305502.0
586.0,4,4,11.0,10.7,12,0,0,6.8,252787.0
912.0,1,1,4.0,9.1,15,0,1,7.9,269332.0
1203.0,5,5,13.0,4.6,0,1,1,7.0,357094.0
1842.0,5,5,20.0,17.7,15,1,0,6.3,391352.0
2346.0,5,4,7.0,3.6,0,0,0,8.5,503297.0
640.0,2,1,29.0,1.6,13,1,1,9.8,285310.0
1616.0,1,1,9.0,7.8,6,0,0,2.6,305918.0
828.0,2,1,5.0,13.6,1,1,0,5.9,251686.0
1661.0,4,4,53.0,6.3,13,0,0,5.9,305565.0
1328.0,2,2,7.0,2.0,11,1,0,5.1,309401.0
393.0,5,5,9.0,7.3,13,1,1,8.0,279261.0
1911.0,1,1,22.0,8.0,7,1,0,6.5,372770.0
1067.0,1,1,10.0,8.7,5,1,1,9.9,315566.0
1106.0,2,1,6.0,7.4,12,1,1,8.2,327368.0
812.0,4,3,8.0,14.9,4,0,1,8.7,257607.0
1040.0,4,4,44.0,2.4,16,1,1,3.6,241990.0
1635.0,2,1,20.0,0.2,13,1,1,4.4,361852.0
1296.0,4,4,23.0,0.9,19,1,0,4.6,324641.0
1581.0,4,3,16.0,1.9,0,1,1,8.6,393790.0
1599.0,3,2,18.0,12.0,11,1,0,4.1,310332.0
2126.0,3,2,10.0,5.0,11,1,1,4.1,385175.0
1211.0,1,1,15.0,18.6,17,0,0,3.8,210371.0
588.0,2,2,2.0,2.2,8,0,0,10.0,263727.0
1987.0,3,2,26.0,18.4,18,1,0,5.7,347584.0
1218.0,1,1,10.0,3.0,4,0,0,7.1,284595.0
2013.0,3,3,5.0,5.5,17,1,0,3.7,402274.0
1611.0,1,1,16.0,1.2,10,1,0,7.9,367475.0
1328.0,4,4,12.0,16.7,18,0,0,2.5,272873.0
1592.0,1,1,25.0,6.1,4,0,0,4.0,270035.0
2473.0,1,1,13.0,25.9,5,1,0,4.5,374344.0
2542.0,4,3,8.0,14.1,11,1,0,6.4,458767.0
1438.0,2,2,13.0,5.4,11,1,0,4.4,291486.0
1488.0,2,1,34.0,3.4,2,1,0,9.0,349650.0
1992.0,2,1,26.0,12.4,13,0,0,7.0,356358.0
935.0,2,2,20.0,6.7,8,1,0,4.6,233666.0
1583.0,4,4,27.0,3.3,3,0,1,8.0,381366.0
1386.0,4,4,21.0,7.1,10,0,0,5.2,332536.0
1573.0,2,1,6.0,0.7,13,1,0,4.8,352872.0
942.0,4,4,23.0,8.8,0,0,0,7.8,278260.0
526.0,4,3,29.0,10.1,18,0,1,1.1,124770.0
260.0,3,2,30.0,2.2,12,1,0,7.5,196399.0
785.0,3,2,5.0,15.2,5,1,0,4.6,207053.0
1148.0,5,5,9.0,13.0,15,0,0,4.6,307908.0
1239.0,3,3,8.0,8.2,16,0,0,9.9,374769.0
2465.0,2,1,11.0,2.8,19,1,0,4.9,421555.0
2008.0,3,2,19.0,10.5,15,0,1,7.9,400131.0
871.0,5,5,15.0,4.8,4,0,1,6.6,283742.0
1591.0,4,3,15.0,7.6,3,0,0,6.8,357059.0
1176.0,1,1,4.0,11.2,4,1,0,5.5,261919.0
1244.0,3,2,9.0,1.6,17,1,0,5.4,328580.0
1502.0,4,4,31.0,1.1,6,0,1,9.1,399236.0
1741.0,2,1,29.0,4.4,6,1,1,7.9,380691.0
1213.0,5,4,13.0,23.0,17,1,0,5.0,268946.0
1985.0,5,4,23.0,26.7,4,1,0,3.9,331741.0
772.0,5,5,18.0,8.6,8,1,0,4.8,275121.0
1403.0,1,1,25.0,13.3,5,0,1,8.0,290584.0
2829.0,3,3,24.0,6.4,6,1,0,8.4,498796.0
1523.0,3,2,14.0,7.1,11,0,0,7.1,354366.0
2188.0,4,4,20.0,5.5,14,1,0,2.8,385852.0
1450.0,5,5,18.0,14.4,5,0,0,7.5,369387.0
1719.0,2,2,14.0,18.8,0,1,1,8.6,365704.0
1369.0,3,3,12.0,6.9,12,1,0,6.3,330271.0
1306.0,4,4,40.0,7.0,10,0,0,10.0,373993.0
971.0,4,4,14.0,5.8,13,0,1,3.4,242411.0
1637.0,4,3,22.0,19.1,9,1,0,7.4,373185.0
932.0,2,2,38.0,12.1,15,1,1,4.0,200765.0
1766.0,5,4,20.0,2.7,12,1,1,8.1,442691.0
1997.0,1,1,20.0,22.6,15,0,0,7.2,342641.0
1602.0,3,2,14.0,0.4,14,1,0,9.6,408416.0
1243.0,4,4,19.0,17.8,9,0,0,7.0,291424.0
1650.0,1,1,11.0,13.6,6,1,1,5.2,307212.0
1230.0,3,3,65.0,6.9,11,0,1,5.0,231846.0
1915.0,3,3,4.0,6.8,12,1,0,5.5,422657.0
393.0,4,3,12.0,6.0,11,1,1,5.0,212788.0
1215.0,1,1,20.0,2.8,10,0,1,8.7,332015.0
305.0,2,2,20.0,21.4,6,1,1,8.6,206230.0
578.0,2,1,11.0,6.7,2,0,0,3.0,161565.0
2150.0,4,4,3.0,2.8,8,1,0,6.1,451670.0
1892.0,2,2,5.0,20.5,17,1,1,6.1,370119.0
1004.0,3,3,16.0,9.4,14,0,1,4.4,262242.0
574.0,4,3,2.0,9.8,15,0,1,6.9,262009.0
250.0,4,4,21.0,23.7,14,1,1,8.9,198046.0
1101.0,1,1,30.0,10.8,18,1,0,7.8,245682.0
2731.0,5,5,24.0,3.9,4,1,1,8.7,578794.0
1639.0,1,1,27.0,10.8,14,0,0,4.6,242186.0
1092.0,1,1,2.0,3.1,1,1,0,6.1,280736.0
1656.0,1,1,11.0,4.6,4,1,0,4.5,309108.0
541.0,2,1,6.0,8.4,0,1,0,6.5,214249.0
1236.0,5,4,3.0,13.1,8,0,0,6.7,314528.0
1455.0,2,1,10.0,4.1,2,0,1,7.9,348389.0
1353.0,4,4,38.0,5.9,7,0,1,8.6,354498.0
1835.0,3,3,44.0,5.8,2,1,0,7.4,408604.0
1590.0,1,1,7.0,14.7,0,1,0,4.3,283620.0
1768.0,3,3,15.0,6.8,9,1,0,3.3,353519.0
1021.0,1,1,18.0,22.4,8,0,0,7.0,199056.0
1894.0,3,3,11.0,4.6,8,1,0,9.0,451363.0
2296.0,3,2,32.0,4.3,6,0,0,6.0,407566.0
866.0,3,2,10.0,17.6,8,1,1,2.9,209804.0
912.0,2,2,8.0,10.1,0,0,0,10.0,298776.0
2135.0,4,3,7.0,17.1,9,1,1,7.0,457109.0
1295.0,3,2,11.0,2.1,16,1,1,6.3,344621.0
2172.0,2,1,1.0,6.7,2,0,0,3.7,352898.0
1157.0,3,2,12.0,8.4,2,0,0,6.0,269163.0
2200.0,1,1,15.0,8.0,15,1,0,7.4,424840.0
1472.0,5,5,16.0,5.9,10,0,0,7.0,379370.0
1542.0,4,3,6.0,7.9,5,0,1,4.6,314889.0
2261.0,2,2,16.0,8.2,15,1,0,5.9,420933.0
1201.0,4,4,16.0,4.2,6,1,0,4.8,291645.0
882.0,4,3,16.0,14.3,12,0,0,9.3,303482.0
1153.0,4,3,24.0,20.7,11,0,0,7.8,275356.0
1649.0,1,1,5.0,11.4,3,1,1,5.0,313901.0
539.0,5,4,11.0,9.1,15,1,0,3.7,214965.0
1751.0,5,5,3.0,6.3,12,0,1,6.6,443003.0
1104.0,5,5,23.0,8.4,4,1,0,5.0,302508.0
2031.0,5,5,6.0,9.0,15,0,0,5.2,437764.0
250.0,5,4,27.0,2.8,12,0,0,3.7,214103.0
967.0,4,4,28.0,13.8,17,1,1,4.0,252731.0
472.0,1,1,12.0,4.8,16,1,0,6.3,225344.0
946.0,3,2,12.0,18.2,6,1,1,5.5,237616.0
1536.0,2,2,4.0,7.7,18,1,0,10.0,417546.0
1301.0,2,1,14.0,14.0,0,0,0,7.2,269813.0
1261.0,5,5,24.0,11.3,6,0,0,3.7,280210.0
1312.0,5,5,17.0,2.1,12,0,0,2.9,312672.0
1512.0,3,2,34.0,17.1,10,1,0,6.8,317625.0
845.0,4,4,10.0,3.6,4,0,0,5.2,247234.0
1789.0,1,1,10.0,4.6,3,1,1,8.7,383554.0
1764.0,2,2,7.0,4.9,15,0,0,6.6,377922.0
1612.0,5,5,50.0,1.4,17,1,0,2.0,307178.0
1706.0,3,3,4.0,7.9,13,1,0,4.0,328305.0
1563.0,3,3,23.0,14.6,10,1,0,4.6,304330.0
2519.0,3,2,25.0,17.9,15,1,0,6.9,436586.0
1352.0,2,2,24.0,5.9,4,0,0,3.9,260023.0
1231.0,5,5,7.0,6.8,19,1,0,6.3,365787.0
986.0,4,4,12.0,11.9,2,1,0,3.3,251977.0
832.0,4,3,21.0,6.1,11,0,0,6.0,246312.0
716.0,2,1,9.0,15.5,6,1,1,6.7,224336.0
911.0,4,3,11.0,6.5,18,1,1,8.9,352687.0
1361.0,5,5,9.0,3.1,4,1,0,6.5,365033.0
1584.0,4,3,15.0,8.1,12,1,1,4.4,339521.0
1428.0,3,3,14.0,1.7,3,0,0,9.0,350024.0
979.0,2,1,39.0,8.0,3,1,1,5.6,230620.0
1895.0,3,3,21.0,9.2,8,1,0,7.5,401874.0
1807.0,2,2,5.0,3.6,15,1,0,4.8,337209.0
1312.0,4,3,5.0,8.9,5,0,0,6.2,306942.0
1041.0,1,1,23.0,5.5,13,0,0,4.4,200084.0
1702.0,1,1,14.0,3.5,11,1,1,6.6,370773.0
1503.0,4,4,48.0,1.5,19,0,0,7.6,327581.0
604.0,2,1,48.0,1.9,6,1,0,5.0,174980.0
1363.0,3,2,7.0,19.5,4,1,0,4.9,290484.0
1544.0,3,2,17.0,5.3,18,0,0,6.7,348042.0
905.0,3,2,5.0,9.0,6,0,1,4.3,234581.0
1504.0,4,4,23.0,5.9,4,1,1,3.0,319183.0
600.0,2,2,42.0,19.8,16,0,0,6.7,184038.0
2135.0,4,4,16.0,3.5,16,0,1,5.8,434973.0
2086.0,2,2,10.0,7.2,1,0,0,5.7,346633.0
1261.0,2,2,19.0,4.5,17,0,0,7.0,322416.0
1600.0,3,3,26.0,13.9,12,1,0,7.3,353014.0
250.0,5,5,27.0,8.9,5,0,0,5.7,190247.0
764.0,2,1,10.0,7.0,10,1,0,3.8,178427.0
1238.0,3,3,8.0,2.2,4,1,0,4.7,300588.0
810.0,1,1,17.0,25.8,3,1,1,7.2,195743.0
1793.0,1,1,11.0,6.0,2,0,1,6.3,329996.0
2499.0,4,3,32.0,3.0,3,1,1,4.9,446822.0
753.0,4,3,11.0,1.5,11,1,0,4.4,248000.0
939.0,2,1,15.0,1.8,16,0,0,7.2,266891.0
1529.0,4,4,18.0,7.0,9,1,1,5.6,369727.0
2286.0,2,2,4.0,14.0,0,1,0,7.5,432126.0
728.0,2,1,9.0,8.5,8,1,0,7.8,247467.0
1537.0,3,2,46.0,1.6,14,0,0,5.4,295293.0
2402.0,2,2,26.0,6.9,16,1,0,7.9,445878.0
492.0,5,4,11.0,17.0,14,1,1,6.3,241242.0
695.0,3,3,23.0,5.2,7,1,0,6.5,255467.0
1167.0,2,2,32.0,8.5,12,0,0,1.6,181060.0
1114.0,3,3,12.0,5.3,1,0,1,4.1,287390.0
1847.0,4,3,25.0,9.9,8,1,0,4.2,357093.0
1533.0,2,1,22.0,3.4,10,0,0,5.4,266123.0
424.0,5,5,5.0,0.2,0,0,0,6.2,255357.0
1683.0,3,2,12.0,2.3,0,0,1,6.3,378634.0
1082.0,4,3,39.0,4.6,16,1,0,6.6,300708.0
2101.0,5,5,46.0,6.4,4,1,0,4.6,385505.0
1055.0,3,2,26.0,4.8,2,0,0,7.4,278755.0
1050.0,1,1,9.0,4.7,11,1,1,9.6,329526.0
1698.0,4,3,1.0,14.1,5,1,0,5.3,369528.0
1820.0,1,1,8.0,2.7,19,1,0,4.7,331329.0
1646.0,3,2,4.0,7.0,18,1,0,4.6,339358.0
473.0,5,5,41.0,1.7,16,0,1,6.2,264434.0
1696.0,3,3,2.0,11.4,6,1,0,4.9,349749.0
831.0,4,3,5.0,8.3,17,0,0,2.5,243819.0
1529.0,3,2,17.0,25.5,5,0,0,3.1,284170.0
617.0,2,1,14.0,2.6,4,1,0,8.0,242258.0
1645.0,2,1,38.0,20.5,19,1,0,8.6,311448.0
956.0,3,2,22.0,2.9,13,1,0,9.2,315351.0
695.0,1,1,13.0,5.1,1,1,0,6.5,237486.0
1793.0,3,3,32.0,2.0,17,0,1,4.0,361369.0
1533.0,3,2,10.0,25.3,3,0,0,5.1,308422.0
1062.0,5,5,40.0,9.3,13,0,1,3.0,248721.0
2198.0,1,1,7.0,9.4,8,0,0,2.9,346107.0
1158.0,5,4,14.0,3.2,0,1,1,6.5,333159.0
1418.0,3,2,2.0,0.5,15,0,0,7.1,323426.0
1548.0,4,4,27.0,5.0,13,1,0,9.9,411009.0
1059.0,3,2,16.0,4.2,17,1,0,5.8,273039.0
1659.0,2,1,40.0,1.0,12,1,0,3.3,299169.0
1107.0,5,5,12.0,5.2,15,1,1,5.8,314916.0
1174.0,2,1,4.0,7.0,18,0,0,5.4,266481.0
2149.0,1,1,20.0,9.8,19,0,1,5.0,369100.0
828.0,4,3,9.0,0.6,11,1,0,6.7,305557.0
250.0,4,3,24.0,2.1,0,1,0,3.6,163526.0
2286.0,5,4,7.0,3.3,6,1,1,6.3,509911.0
2802.0,3,2,35.0,14.6,12,0,0,7.3,483698.0
1177.0,1,1,15.0,14.4,2,1,1,8.8,289315.0
335.0,1,1,13.0,8.9,2,1,0,6.6,196222.0
1229.0,3,3,34.0,5.2,7,1,0,8.1,346923.0
1243.0,2,2,27.0,15.2,18,0,1,5.1,254969.0
1296.0,5,5,8.0,8.1,6,0,0,5.4,330954.0
788.0,1,1,26.0,14.6,18,1,0,8.7,241914.0
1719.0,5,4,23.0,9.2,16,1,0,3.3,336242.0
1688.0,2,2,13.0,1.2,6,1,0,5.2,340375.0
578.0,1,1,25.0,0.5,4,0,0,8.3,241175.0
1785.0,2,1,35.0,4.7,16,1,0,5.6,342933.0
2529.0,1,1,14.0,12.5,15,0,0,5.4,396963.0
1495.0,3,3,14.0,4.2,12,0,0,5.5,317626.0
1214.0,2,1,13.0,17.2,19,1,0,6.2,263818.0
1322.0,3,2,8.0,11.7,2,1,0,8.2,333632.0
1738.0,3,2,13.0,16.2,7,1,0,7.8,381248.0
448.0,1,1,12.0,4.8,12,1,1,6.0,191143.0
1490.0,1,1,12.0,2.8,1,0,1,8.2,355614.0
1185.0,1,1,12.0,2.4,19,0,0,6.7,292797.0
2416.0,1,1,5.0,9.9,11,1,0,7.7,447998.0
1304.0,1,1,29.0,1.3,6,0,0,3.9,256953.0
2317.0,2,2,9.0,1.4,4,1,0,9.5,496323.0
793.0,3,3,37.0,3.9,0,1,0,6.4,222671.0
1723.0,2,2,6.0,7.9,11,0,1,0.5,264498.0
1576.0,2,1,42.0,3.4,19,1,1,9.3,367265.0
922.0,3,3,11.0,14.4,0,1,0,6.0,259590.0
1498.0,3,2,27.0,16.4,8,0,0,5.2,298778.0
2067.0,2,2,16.0,0.2,13,1,1,4.8,400347.0
1222.0,2,2,5.0,9.4,8,0,1,6.9,329858.0
469.0,3,3,5.0,4.2,13,1,0,4.2,201629.0
1390.0,1,1,8.0,12.9,14,1,1,4.8,278104.0
904.0,3,3,10.0,9.6,19,0,0,4.9,245182.0
1212.0,5,4,14.0,7.6,12,1,1,5.4,321215.0
1355.0,2,1,18.0,6.0,14,1,0,5.0,306022.0
462.0,1,1,13.0,1.4,6,1,0,7.7,183648.0
511.0,4,4,18.0,28.0,3,1,0,6.5,188298.0
1665.0,1,1,20.0,2.1,1,1,0,6.8,356485.0
1113.0,1,1,12.0,20.6,2,1,0,7.2,245902.0
250.0,1,1,23.0,11.0,16,1,0,5.8,162670.0
1832.0,5,5,26.0,4.4,0,1,1,4.0,411004.0
1550.0,5,4,20.0,3.8,9,0,0,9.6,413295.0
1007.0,3,2,21.0,1.3,12,0,1,7.9,324411.0
676.0,4,4,16.0,6.9,13,1,0,9.2,339196.0
1860.0,4,4,31.0,1.3,1,0,1,8.1,422479.0
1592.0,4,4,14.0,15.0,17,0,0,5.1,331833.0
2710.0,3,2,8.0,8.2,8,0,0,1.3,415995.0
1631.0,5,5,14.0,6.5,0,0,0,3.5,353587.0
1613.0,4,4,5.0,7.2,2,1,1,7.3,399921.0
1308.0,1,1,4.0,8.5,17,1,0,5.8,289670.0
1849.0,2,2,26.0,5.1,18,0,0,5.2,367316.0
1744.0,5,5,37.0,5.6,15,1,1,1.0,320843.0
2088.0,3,3,11.0,22.1,6,0,0,6.0,385636.0
1113.0,2,1,26.0,13.9,18,0,0,3.8,215524.0
1161.0,5,4,2.0,10.7,5,1,0,4.6,332856.0
1136.0,4,4,20.0,4.4,4,1,1,7.7,330821.0
1835.0,3,3,14.0,0.8,15,0,1,3.9,353986.0
2224.0,3,3,41.0,9.8,6,1,1,4.1,387165.0
1148.0,1,1,13.0,7.2,10,0,0,6.4,248769.0
1166.0,2,2,6.0,5.5,13,0,0,7.7,314221.0
1573.0,3,3,4.0,6.3,3,1,1,5.2,376012.0
1265.0,5,4,14.0,2.2,18,1,0,8.9,369662.0
1924.0,2,2,16.0,2.9,3,1,0,3.4,347922.0
250.0,1,1,12.0,14.0,19,0,1,3.1,130414.0
945.0,3,3,27.0,0.5,5,1,0,2.9,230797.0
970.0,5,5,34.0,12.6,8,1,0,2.7,219221.0
250.0,3,2,11.0,17.8,5,1,1,6.7,179543.0
870.0,2,1,3.0,9.6,10,1,0,4.0,210911.0
897.0,4,4,18.0,9.3,0,1,1,3.2,241484.0
1289.0,4,4,31.0,2.9,3,1,0,6.8,327838.0
2012.0,2,2,11.0,3.3,10,0,0,7.6,401750.0
1265.0,5,4,21.0,4.7,13,1,1,8.1,383326.0
833.0,3,3,6.0,1.8,19,0,1,7.8,332472.0
1369.0,1,1,17.0,3.1,16,0,1,4.2,281671.0
1977.0,3,2,21.0,7.2,18,0,0,6.6,406127.0
863.0,5,5,18.0,4.4,15,0,0,7.0,327848.0
899.0,2,2,48.0,7.7,15,1,0,5.1,204249.0
1707.0,3,3,37.0,13.9,6,1,0,6.3,335534.0
1278.0,4,3,24.0,7.6,18,1,1,3.5,286795.0
1756.0,4,3,29.0,9.3,19,1,1,4.7,337528.0
1392.0,5,4,17.0,1.2,10,1,0,6.7,377867.0
1786.0,1,1,14.0,13.8,2,1,1,9.0,361038.0
831.0,3,2,10.0,1.2,0,1,0,8.3,305018.0
1393.0,3,2,5.0,4.2,9,0,1,7.3,330572.0
1284.0,1,1,38.0,2.3,12,1,0,6.2,279076.0
731.0,4,4,49.0,0.8,11,1,1,5.8,230888.0
540.0,1,1,15.0,7.3,17,1,1,3.1,178024.0
1777.0,3,2,15.0,10.0,10,1,0,4.3,331629.0
1207.0,2,2,22.0,18.1,13,1,1,4.4,242209.0
838.0,1,1,13.0,8.1,15,1,0,7.1,265945.0
1347.0,5,4,6.0,3.1,17,1,1,7.9,399384.0
2020.0,2,2,5.0,4.3,12,0,0,7.5,414932.0
250.0,2,1,48.0,1.0,11,0,0,8.4,173269.0
577.0,5,5,3.0,4.8,1,1,1,6.1,290309.0
892.0,5,5,18.0,6.4,12,1,1,4.0,295117.0
2204.0,1,1,3.0,9.6,3,0,1,5.9,402311.0
1555.0,2,1,13.0,11.6,7,0,0,4.6,278697.0
1822.0,4,4,11.0,9.4,10,0,0,7.3,417433.0
773.0,4,3,4.0,2.8,1,1,0,5.3,255055.0
784.0,5,4,22.0,2.1,13,1,1,5.8,281957.0
1646.0,3,3,6.0,11.0,5,1,1,7.4,381489.0
1432.0,1,1,4.0,0.8,10,0,1,4.5,316651.0
1702.0,5,5,24.0,24.2,7,1,0,7.9,359484.0
1297.0,1,1,11.0,3.3,7,0,1,3.3,267897.0
1553.0,1,1,8.0,15.1,7,1,0,6.6,311628.0
1487.0,4,4,25.0,3.9,1,0,1,5.8,334804.0
1828.0,4,3,5.0,10.1,3,1,0,7.7,426363.0
1844.0,1,1,3.0,2.1,15,1,0,3.3,326545.0
509.0,1,1,33.0,6.8,2,1,0,2.9,159831.0
250.0,3,2,44.0,1.0,9,0,1,7.5,187477.0
1951.0,2,2,13.0,8.5,2,1,0,5.2,363216.0
2053.0,4,3,13.0,2.1,10,1,0,5.8,446295.0
839.0,3,2,26.0,2.4,12,0,1,4.7,238825.0
377.0,3,2,31.0,4.6,9,0,1,7.8,230570.0
1454.0,3,2,6.0,5.4,15,0,0,6.6,314338.0
1912.0,2,1,11.0,9.7,5,0,0,6.5,352350.0
2389.0,2,1,17.0,9.0,11,1,0,3.7,391856.0
1684.0,4,3,25.0,7.3,5,0,0,7.0,376522.0
1196.0,3,3,23.0,12.6,10,1,0,4.0,268594.0
909.0,3,2,21.0,8.8,1,0,0,4.7,229746.0
1406.0,3,2,31.0,9.2,5,0,0,3.3,266443.0
1235.0,2,2,14.0,2.4,14,1,0,5.7,309940.0
842.0,5,4,38.0,13.3,15,1,0,8.1,255471.0
2527.0,3,2,9.0,12.1,5,0,0,6.5,463667.0
2382.0,4,4,23.0,7.6,5,0,0,5.1,413189.0
2025.0,5,5,10.0,11.8,5,0,0,6.2,421611.0
894.0,5,5,13.0,6.3,5,0,0,6.2,294996.0
1870.0,4,3,15.0,18.7,19,1,0,6.1,377053.0
1752.0,4,3,10.0,7.1,13,1,1,6.4,384891.0
1643.0,3,2,32.0,6.2,7,1,1,3.9,286962.0
2087.0,4,3,11.0,8.8,9,1,0,6.2,407453.0
1749.0,2,2,14.0,21.4,10,1,1,2.5,296709.0
1807.0,4,3,22.0,4.0,11,0,1,7.2,380623.0
1750.0,1,1,62.0,8.4,7,1,1,3.8,255386.0
1587.0,5,5,22.0,4.3,19,0,0,8.4,415639.0
419.0,2,2,15.0,6.2,5,0,0,1.1,102438.0
1446.0,4,3,2.0,3.1,8,1,0,9.3,401515.0
1094.0,1,1,13.0,9.1,0,0,0,2.7,197078.0
696.0,1,1,8.0,6.6,9,0,0,3.6,181375.0
2325.0,5,5,11.0,11.6,17,1,1,6.6,470329.0
2351.0,5,5,10.0,14.0,19,1,0,7.2,487141.0
2148.0,2,1,21.0,15.5,9,1,0,5.4,368498.0
1540.0,1,1,13.0,4.5,2,0,1,7.8,321595.0
2143.0,5,4,7.0,8.8,14,1,0,4.4,428452.0
1407.0,5,4,27.0,16.2,12,1,0,5.2,303924.0
1512.0,1,1,5.0,3.0,19,0,1,5.4,326051.0
799.0,4,3,15.0,7.2,10,0,0,4.9,250635.0
1618.0,2,2,13.0,3.2,0,0,0,2.1,274786.0
1433.0,4,3,19.0,21.2,18,0,0,6.0,315512.0
684.0,3,2,31.0,16.1,13,1,0,5.8,214173.0
1372.0,1,1,68.0,10.0,16,1,1,8.2,294206.0
1356.0,2,2,15.0,9.9,2,0,0,3.4,255512.0
2389.0,3,3,8.0,3.5,9,1,1,4.7,465013.0
1892.0,4,3,8.0,17.4,9,1,0,8.4,419457.0
1406.0,1,1,8.0,5.2,5,0,1,6.6,288696.0
1537.0,5,5,18.0,3.8,16,1,0,7.1,388497.0
1424.0,4,3,2.0,14.5,3,1,1,6.9,351274.0
1288.0,5,5,5.0,4.8,1,1,0,6.9,366683.0
805.0,5,4,18.0,4.0,4,0,1,9.6,335998.0
1317.0,1,1,28.0,12.1,19,1,1,6.2,271249.0
990.0,1,1,28.0,2.2,2,1,0,4.0,242522.0
712.0,4,3,16.0,10.1,11,0,0,7.3,256022.0
1681.0,1,1,25.0,7.2,3,0,0,4.9,290430.0
1615.0,1,1,31.0,11.4,7,1,0,5.8,285040.0
417.0,3,3,11.0,9.3,11,1,0,6.7,208629.0
1333.0,5,4,29.0,30.5,0,1,0,4.4,252526.0
1948.0,4,4,3.0,7.8,4,1,1,5.0,410120.0
1983.0,3,2,5.0,4.8,11,1,1,7.0,427597.0
1964.0,1,1,11.0,6.6,0,1,0,4.9,370714.0
1421.0,2,1,3.0,9.2,9,1,0,7.9,340690.0
935.0,4,4,22.0,20.4,12,1,0,4.0,227187.0
804.0,1,1,9.0,10.5,4,1,1,4.0,214286.0
1590.0,3,2,13.0,3.4,3,0,1,9.8,398385.0
1609.0,1,1,13.0,35.0,9,1,0,2.9,229513.0
2108.0,2,1,11.0,13.6,14,1,0,5.9,364027.0
2005.0,2,2,8.0,3.2,0,1,0,9.7,427274.0
1327.0,4,3,21.0,2.4,6,0,0,5.9,320305.0
716.0,5,5,9.0,2.0,19,1,1,8.7,344645.0
1224.0,1,1,13.0,6.4,6,1,1,7.3,293416.0
1519.0,4,3,19.0,6.6,6,0,0,6.0,337438.0
1289.0,4,4,31.0,3.8,14,0,0,5.7,313499.0
1082.0,5,5,29.0,1.7,9,0,0,1.8,240167.0
1539.0,5,5,10.0,2.5,7,1,1,5.4,381739.0
1123.0,1,1,7.0,10.7,15,1,1,6.5,287177.0
1055.0,4,4,35.0,5.2,0,1,0,6.5,275025.0
1571.0,3,3,9.0,2.8,14,1,0,10.0,414092.0
1179.0,1,1,20.0,7.2,7,1,1,6.6,289427.0
1534.0,2,1,3.0,8.3,17,1,1,7.3,362648.0
1550.0,5,5,2.0,9.0,14,1,0,8.3,414219.0
773.0,3,3,15.0,7.0,18,0,0,7.1,252221.0
1135.0,2,2,12.0,6.2,2,1,1,5.8,273325.0
2191.0,2,1,24.0,15.4,3,1,1,5.8,373703.0
761.0,5,5,8.0,2.6,18,0,1,5.3,321999.0
250.0,2,2,18.0,5.6,7,0,0,6.9,185711.0
376.0,1,1,23.0,0.9,16,1,0,5.7,163668.0
1416.0,3,2,8.0,5.0,13,0,0,7.2,353139.0
1417.0,5,5,11.0,7.6,9,1,1,4.0,334022.0
1335.0,1,1,5.0,12.0,0,0,1,6.3,284712.0
2068.0,2,2,25.0,1.0,1,1,0,9.1,424980.0
250.0,3,3,21.0,7.5,14,0,1,5.6,209619.0
1618.0,1,1,22.0,22.5,1,1,1,9.7,323346.0
2259.0,4,4,12.0,9.5,0,0,0,6.3,434803.0
780.0,2,1,21.0,2.2,4,1,0,5.9,223575.0
1191.0,1,1,13.0,5.0,18,1,1,6.2,306532.0
986.0,2,2,39.0,9.7,12,1,0,5.4,233436.0
908.0,5,5,14.0,3.9,14,0,1,2.0,271318.0
1221.0,5,4,28.0,8.1,13,1,0,7.8,355172.0
2185.0,3,3,12.0,7.8,11,0,1,10.0,467491.0
2411.0,3,2,34.0,6.3,5,1,1,7.0,485545.0
1215.0,5,4,7.0,1.9,8,0,1,7.1,369606.0
2448.0,1,1,19.0,3.6,10,0,1,5.6,409445.0
1420.0,4,3,9.0,24.0,19,1,0,8.3,351538.0
2365.0,4,3,17.0,4.7,17,0,0,5.9,456032.0
1349.0,4,4,9.0,5.2,14,0,1,6.5,363611.0
1472.0,2,1,14.0,5.2,16,0,0,2.9,276920.0
1601.0,4,3,10.0,11.8,16,1,1,4.9,367169.0
3148.0,4,4,23.0,5.4,13,0,0,6.7,559678.0
1868.0,5,5,20.0,6.4,16,1,0,7.8,429218.0
1011.0,1,1,8.0,7.5,1,1,0,7.9,308211.0
1933.0,4,3,8.0,12.8,0,1,1,2.8,380378.0
1201.0,5,4,7.0,6.4,8,0,0,3.0,296042.0
1131.0,2,2,6.0,7.0,1,0,0,7.2,291050.0
1900.0,4,4,24.0,4.1,6,1,0,4.5,378472.0
1417.0,1,1,6.0,8.3,3,1,1,7.8,330693.0
1553.0,4,4,18.0,10.1,19,1,0,2.7,310373.0
1408.0,4,3,10.0,10.6,13,1,0,5.8,304919.0
1585.0,1,1,28.0,21.6,0,0,0,5.9,279594.0
1634.0,1,1,46.0,3.3,12,0,0,7.0,324966.0
335.0,4,3,0.0,6.6,14,0,0,3.9,166396.0
1767.0,2,2,7.0,5.5,6,0,1,2.1,320566.0
860.0,3,3,9.0,19.0,17,1,0,6.3,254672.0
607.0,1,1,12.0,10.9,19,1,1,7.1,226299.0
1368.0,5,4,12.0,1.4,19,1,1,8.0,413834.0
1446.0,3,2,4.0,3.8,1,0,0,5.3,294299.0
1019.0,5,5,46.0,4.9,8,0,1,7.6,308695.0
1857.0,1,1,12.0,1.6,15,1,1,7.0,393229.0
662.0,2,1,20.0,7.0,8,1,0,8.6,251642.0
1176.0,4,3,20.0,4.2,9,1,1,5.9,300253.0
1078.0,4,3,4.0,22.2,6,0,1,2.5,230941.0
1374.0,4,3,11.0,8.2,8,1,0,5.9,348599.0
1553.0,5,4,24.0,4.8,13,1,0,6.2,378327.0
846.0,5,4,35.0,2.8,0,1,0,7.0,282489.0
1798.0,1,1,11.0,6.2,15,0,0,2.9,337191.0
1435.0,2,2,4.0,17.9,14,0,0,5.4,275696.0
359.0,5,5,9.0,5.5,2,1,0,7.7,275690.0
323.0,3,2,11.0,6.3,15,0,1,5.8,202290.0
1393.0,5,4,10.0,14.0,10,1,0,5.4,362746.0
1278.0,3,2,7.0,8.0,6,0,0,9.8,358868.0
1343.0,1,1,4.0,11.7,9,1,1,3.9,278970.0
1385.0,3,3,5.0,8.6,10,1,0,8.5,375700.0
1524.0,5,5,9.0,8.3,4,1,0,8.0,387135.0
1921.0,4,3,23.0,1.3,12,0,0,5.5,375234.0
789.0,1,1,30.0,2.4,12,1,0,5.9,217603.0
755.0,2,2,15.0,7.4,7,1,0,5.9,246853.0
799.0,5,4,5.0,3.0,9,1,0,6.4,308945.0
1559.0,5,5,9.0,6.2,12,1,1,4.8,376498.0
2085.0,4,3,2.0,2.2,10,0,0,5.1,437121.0
1163.0,1,1,36.0,14.1,8,1,1,5.3,205070.0
250.0,4,4,8.0,3.3,19,1,1,5.4,211279.0
463.0,5,5,19.0,2.8,17,0,0,5.4,204902.0
942.0,4,4,28.0,1.7,7,1,0,1.5,241452.0
1093.0,3,3,43.0,10.5,14,0,1,6.2,260620.0
1175.0,3,3,25.0,6.2,16,1,0,4.9,296908.0
1421.0,2,2,10.0,13.7,2,0,0,2.3,237378.0
1229.0,2,2,20.0,4.1,11,0,0,5.3,289087.0
1977.0,4,3,42.0,2.3,15,1,1,5.2,389331.0
1028.0,1,1,8.0,6.0,1,1,0,8.6,299393.0
926.0,1,1,4.0,15.7,6,0,0,4.9,209187.0
1663.0,2,1,7.0,1.3,15,0,0,7.3,373032.0
555.0,4,4,20.0,7.9,18,1,1,8.8,314886.0
1614.0,4,3,10.0,8.5,19,1,0,4.7,330010.0
1456.0,3,3,13.0,17.4,12,1,1,5.9,323361.0
1319.0,3,2,22.0,3.1,0,0,0,9.5,349004.0
2274.0,1,1,7.0,1.2,0,0,0,6.5,411338.0
1058.0,2,1,13.0,4.5,16,1,0,6.7,282174.0
2533.0,1,1,9.0,11.5,14,1,0,5.2,412108.0
1276.0,4,3,40.0,6.5,3,0,0,7.4,326388.0
698.0,4,4,25.0,9.2,2,0,1,5.9,237704.0
1438.0,2,1,10.0,2.5,2,1,0,2.3,303065.0
808.0,2,1,10.0,5.3,17,1,1,5.3,256360.0
987.0,2,1,44.0,6.7,15,1,0,3.6,197191.0
1618.0,5,4,41.0,1.5,18,0,0,6.2,371062.0
1706.0,3,3,19.0,6.7,2,1,0,4.2,333313.0
1058.0,4,4,14.0,4.9,13,1,1,7.0,352992.0
1943.0,3,2,5.0,34.5,18,0,0,6.1,317826.0
2037.0,4,3,7.0,6.3,10,1,0,3.5,362269.0
2190.0,3,2,4.0,18.1,15,1,0,5.0,397414.0
1691.0,2,1,29.0,9.1,12,1,0,7.2,353678.0
2150.0,5,4,5.0,5.7,0,1,0,8.3,484183.0
366.0,4,3,10.0,16.3,8,1,1,4.2,192873.0
1225.0,4,4,2.0,2.2,5,1,0,3.8,319836.0
923.0,5,5,3.0,4.4,1,1,1,9.9,357348.0
1466.0,2,2,23.0,12.0,11,1,0,6.0,308025.0
1086.0,1,1,17.0,0.5,18,0,1,6.2,296883.0
1309.0,3,2,14.0,6.2,1,0,1,4.5,287697.0
2435.0,2,1,10.0,6.1,6,1,1,6.4,429181.0
1307.0,3,3,3.0,7.7,13,0,1,9.4,370582.0
1628.0,2,1,9.0,5.3,6,1,1,6.5,364119.0
1272.0,2,1,12.0,11.7,2,0,0,8.1,323465.0
1442.0,2,1,22.0,3.3,3,0,0,6.1,271787.0
1403.0,2,2,28.0,12.8,0,0,0,3.9,247731.0
1647.0,4,4,23.0,2.4,19,0,0,4.6,338155.0
2041.0,3,3,17.0,8.2,9,1,0,3.8,376126.0
2306.0,3,2,14.0,15.0,18,1,0,6.4,432838.0
1570.0,1,1,16.0,3.0,13,1,1,8.4,366546.0
1724.0,3,2,8.0,3.7,6,1,0,6.3,385004.0
767.0,1,1,15.0,13.2,18,0,0,5.4,212295.0
1352.0,2,2,12.0,7.3,5,1,0,4.4,282352.0
1917.0,3,2,55.0,1.2,3,1,1,6.7,352966.0
1876.0,1,1,16.0,7.5,16,1,0,3.5,341276.0
1516.0,2,1,2.0,10.3,11,0,0,3.7,295410.0
1888.0,2,2,10.0,13.5,8,1,0,7.8,394227.0
1670.0,5,4,11.0,8.0,11,1,1,5.4,378386.0
2060.0,5,4,25.0,9.3,19,0,0,5.4,417546.0
1559.0,1,1,18.0,19.3,5,1,0,5.7,309476.0
1204.0,4,4,17.0,12.3,18,0,0,7.5,322094.0
1585.0,4,3,33.0,5.1,18,1,0,6.3,357693.0
250.0,2,1,41.0,5.7,15,1,1,4.5,125417.0
1611.0,3,2,23.0,14.6,3,0,0,4.6,278864.0
250.0,4,4,10.0,7.9,1,1,1,5.6,193916.0
452.0,2,1,10.0,7.0,2,1,0,6.6,205168.0
1648.0,1,1,31.0,5.0,14,1,1,5.9,321443.0
1663.0,2,2,10.0,14.2,7,0,0,5.8,323883.0
761.0,2,1,13.0,3.2,19,0,1,6.1,233991.0
1008.0,2,1,9.0,4.4,0,1,0,5.9,261908.0
2154.0,2,2,5.0,14.1,7,1,0,4.4,359612.0
1134.0,1,1,52.0,14.0,5,1,0,8.2,247188.0
2634.0,5,4,13.0,27.3,17,0,1,5.0,423829.0
1399.0,1,1,37.0,6.2,2,1,1,6.3,288534.0
1624.0,4,4,11.0,5.1,8,1,0,1.9,316370.0
2289.0,4,3,8.0,5.5,17,1,0,5.6,454435.0
1472.0,4,3,21.0,1.4,19,0,0,3.8,293724.0
849.0,5,4,28.0,0.7,18,1,0,4.0,275978.0
1340.0,1,1,29.0,8.0,13,1,1,10.0,338038.0
1380.0,2,1,12.0,4.8,3,0,0,6.5,306850.0
649.0,1,1,23.0,3.4,1,1,0,8.5,212561.0
1259.0,3,2,9.0,7.0,8,1,0,7.7,316914.0
992.0,4,3,15.0,8.1,9,1,0,8.0,309684.0
1908.0,5,5,11.0,5.8,10,1,1,5.6,448671.0
1419.0,2,2,10.0,6.0,0,1,0,9.2,368524.0
1244.0,2,2,15.0,4.7,13,1,1,7.7,336240.0
1342.0,5,5,5.0,10.9,7,1,1,6.1,349726.0
1523.0,4,4,26.0,4.1,2,1,0,6.5,341216.0
1739.0,4,4,10.0,2.8,18,0,0,5.7,392195.0
850.0,3,2,26.0,4.6,7,1,1,6.1,270200.0
827.0,3,2,6.0,7.7,4,0,1,5.9,257342.0
2008.0,2,1,10.0,11.3,9,1,0,6.8,409198.0
1173.0,4,3,5.0,21.9,19,1,1,9.5,343470.0
621.0,2,2,5.0,7.0,16,1,0,3.6,204139.0
1644.0,5,5,7.0,18.2,1,1,0,8.3,375768.0
1655.0,1,1,6.0,3.8,13,0,0,5.3,327715.0
558.0,3,3,5.0,3.3,13,1,1,8.5,313185.0
1526.0,2,2,14.0,9.0,17,0,0,5.3,294537.0
1805.0,4,3,21.0,10.0,19,0,0,6.8,391880.0
1606.0,4,3,22.0,7.5,14,1,0,5.7,373433.0
1748.0,5,4,3.0,35.0,13,0,0,2.5,279708.0
628.0,4,4,11.0,4.0,7,1,0,9.5,317341.0
1582.0,2,1,10.0,15.9,17,1,1,4.1,323351.0
1234.0,2,1,34.0,3.4,18,1,0,6.2,288399.0
1134.0,5,5,11.0,10.6,19,0,1,3.9,310066.0
1879.0,3,3,13.0,6.8,19,0,1,3.3,328807.0
2214.0,1,1,4.0,7.9,12,0,1,5.6,404422.0
2387.0,5,5,7.0,9.1,19,0,1,4.8,473697.0
2123.0,4,3,3.0,7.0,15,1,0,3.7,387447.0
1340.0,1,1,15.0,5.9,4,0,0,5.9,263679.0
1594.0,4,4,34.0,1.0,0,0,0,3.0,311148.0
1822.0,4,3,7.0,12.6,19,0,0,6.3,378698.0
1467.0,4,4,11.0,2.0,8,1,0,5.7,377023.0
1472.0,5,5,6.0,4.8,17,0,1,1.0,318316.0
1853.0,3,3,8.0,8.4,5,1,1,5.0,378454.0
1367.0,3,3,15.0,2.4,7,0,0,6.9,332280.0
999.0,4,3,45.0,5.9,16,0,1,3.9,240840.0
1172.0,1,1,33.0,11.6,10,0,0,7.0,258827.0
1749.0,1,1,40.0,4.7,13,1,0,6.9,342536.0
1402.0,5,4,26.0,6.0,6,1,0,4.0,309114.0
1587.0,2,1,11.0,2.9,12,0,0,6.0,349378.0
1769.0,3,3,10.0,5.2,9,0,0,7.6,401280.0
1194.0,2,1,7.0,2.1,18,0,0,4.2,275225.0
1816.0,2,2,11.0,7.7,9,0,0,5.6,349202.0
1608.0,3,2,35.0,1.6,1,1,0,8.3,372985.0
721.0,5,4,35.0,3.9,14,0,1,4.3,211794.0
2193.0,3,2,57.0,6.8,19,1,0,6.9,398672.0
1125.0,1,1,16.0,5.6,17,1,1,3.8,273003.0
490.0,2,2,5.0,8.7,2,1,0,5.7,205980.0
825.0,1,1,20.0,6.0,19,1,0,6.9,247369.0
838.0,5,4,46.0,1.0,6,1,0,1.2,192442.0
1429.0,2,2,38.0,2.4,16,0,1,4.9,297880.0
1249.0,2,2,9.0,6.6,12,1,0,6.9,313641.0
1215.0,1,1,5.0,13.8,19,0,0,6.5,291820.0
1741.0,3,2,5.0,12.2,6,1,1,5.0,341377.0
1587.0,5,5,8.0,34.5,12,0,1,3.8,292884.0
1574.0,3,2,9.0,4.3,13,1,1,7.3,374890.0
1625.0,4,3,11.0,11.4,3,0,1,5.4,369594.0
1739.0,1,1,22.0,10.8,15,1,0,7.1,339615.0
250.0,1,1,10.0,18.7,2,1,1,6.8,149557.0
1200.0,4,3,14.0,15.4,16,1,0,5.1,259992.0
250.0,1,1,3.0,8.1,2,1,1,8.1,191581.0
1420.0,3,3,7.0,10.1,3,1,0,4.8,318740.0
1397.0,2,1,7.0,8.7,9,1,0,8.4,351210.0
1975.0,1,1,3.0,6.4,3,1,0,8.6,401493.0
2053.0,3,2,10.0,9.6,1,0,1,8.1,411805.0
1512.0,5,4,3.0,7.5,1,1,0,5.6,391904.0
1125.0,1,1,10.0,7.2,5,1,1,10.0,369129.0
1667.0,5,4,15.0,19.3,9,1,0,6.3,379073.0
1110.0,3,2,35.0,8.2,0,1,0,6.5,289340.0
1399.0,4,4,7.0,7.0,2,1,0,6.0,371832.0
1942.0,1,1,15.0,5.8,12,0,0,3.7,353830.0
1093.0,5,5,8.0,5.4,6,1,1,8.6,372107.0
1843.0,1,1,3.0,2.3,15,1,1,4.9,355848.0
1773.0,5,4,35.0,6.4,16,1,1,7.8,443293.0
875.0,4,4,15.0,14.3,0,1,0,8.3,279670.0
1936.0,2,2,19.0,4.2,18,0,0,7.2,375678.0
1784.0,1,1,39.0,0.6,13,1,1,4.6,310973.0
1456.0,4,3,10.0,9.3,16,0,1,5.3,334538.0
981.0,1,1,4.0,7.7,9,1,1,0.6,162257.0
927.0,4,3,7.0,19.1,0,0,0,5.8,224262.0
1104.0,4,4,4.0,3.8,17,1,1,7.6,353729.0
1698.0,2,1,29.0,2.1,11,0,0,5.5,305311.0
874.0,2,1,47.0,5.5,0,1,1,4.8,218006.0
1641.0,2,2,15.0,4.9,3,1,1,5.4,342241.0
717.0,2,1,22.0,1.3,4,0,1,8.4,267254.0
1288.0,1,1,27.0,7.0,7,0,0,5.9,265829.0
1460.0,2,2,41.0,4.5,8,1,1,9.7,357485.0
2745.0,4,4,46.0,16.7,8,1,0,4.9,450774.0
642.0,2,1,2.0,7.1,17,1,0,6.4,246426.0
2210.0,4,4,8.0,3.4,18,0,1,5.1,440182.0
1482.0,5,5,14.0,6.5,13,1,0,10.0,406301.0
1626.0,4,3,7.0,7.6,12,1,0,6.4,385447.0
1465.0,3,2,11.0,10.0,17,1,1,10.0,379312.0
1645.0,2,2,18.0,6.7,5,0,1,5.2,328814.0
1315.0,5,5,18.0,24.2,11,1,0,9.1,356404.0
2200.0,2,2,26.0,2.2,12,1,0,6.2,392835.0
1149.0,3,2,14.0,4.5,5,0,1,7.7,321000.0
2023.0,3,3,1.0,3.4,19,1,0,3.6,398552.0
1046.0,4,3,10.0,5.0,4,0,0,6.7,303057.0
1367.0,3,2,17.0,8.3,1,0,0,3.9,270034.0
810.0,4,3,27.0,7.8,6,1,1,6.5,259317.0
1650.0,5,4,25.0,9.8,16,0,0,3.0,327053.0
2195.0,2,1,12.0,7.1,7,0,0,5.8,378323.0
1357.0,5,5,8.0,7.4,4,1,1,8.2,381342.0
1292.0,1,1,13.0,7.2,17,1,1,7.1,324881.0
787.0,5,5,2.0,4.7,3,0,0,3.5,267656.0
1274.0,1,1,8.0,4.4,3,1,1,2.2,254729.0
524.0,5,4,31.0,3.4,17,1,1,7.0,266891.0
898.0,2,2,13.0,10.2,6,1,0,9.2,264741.0
1525.0,5,5,18.0,0.7,0,0,0,4.1,362024.0
2125.0,1,1,4.0,7.3,8,0,0,10.0,409949.0
2945.0,3,2,27.0,11.5,14,0,1,6.0,492515.0
1077.0,5,5,12.0,13.7,15,1,1,2.1,297609.0
2189.0,1,1,17.0,0.5,1,0,0,2.9,344945.0
1534.0,2,1,20.0,4.8,5,1,1,7.5,353259.0
1317.0,1,1,26.0,3.5,12,0,1,6.3,293666.0
1638.0,2,2,15.0,4.5,13,0,0,9.0,382808.0
1434.0,2,1,12.0,15.6,12,1,1,3.6,305161.0
1461.0,4,3,5.0,3.6,6,1,1,6.2,358984.0
1175.0,2,1,3.0,11.5,17,1,1,6.0,282138.0
631.0,1,1,15.0,7.4,1,1,1,5.7,200533.0
551.0,1,1,17.0,4.3,16,0,0,5.2,207910.0
1759.0,5,4,19.0,3.9,18,1,1,5.3,394646.0
1248.0,5,5,7.0,8.0,13,0,0,6.3,348988.0
1072.0,2,1,9.0,6.2,8,1,1,6.6,306520.0
1405.0,1,1,15.0,1.2,7,1,1,6.5,335476.0
1837.0,1,1,9.0,2.9,8,0,1,8.4,408179.0
1499.0,5,4,60.0,8.1,3,1,1,3.6,310574.0
1039.0,4,3,8.0,2.2,4,0,1,2.4,259897.0
2074.0,4,4,18.0,12.6,12,0,0,8.0,421573.0
2269.0,2,2,24.0,1.6,11,1,0,4.1,395193.0
1672.0,4,3,25.0,5.3,9,1,0,5.2,347819.0
1936.0,1,1,9.0,10.4,9,1,1,4.8,386410.0
2083.0,4,3,20.0,2.7,1,0,0,4.7,380617.0
2022.0,3,2,18.0,2.0,17,1,0,3.1,374510.0
1738.0,2,1,21.0,9.1,19,0,0,4.9,295462.0
1729.0,4,3,15.0,11.7,4,0,0,7.3,372361.0
1686.0,4,4,24.0,5.6,6,1,0,6.0,366269.0
796.0,3,2,16.0,4.7,12,0,1,7.0,277618.0
1785.0,1,1,4.0,1.5,0,1,1,5.0,363505.0
654.0,1,1,16.0,6.9,2,1,0,7.8,249320.0
963.0,5,4,17.0,1.0,18,1,1,5.0,331310.0
2117.0,2,1,23.0,15.8,3,0,0,1.8,290498.0
1862.0,2,2,15.0,5.8,11,1,0,6.6,366615.0
2218.0,4,3,42.0,2.9,17,0,0,7.5,420705.0
1251.0,2,1,13.0,3.9,14,1,1,4.9,298016.0
766.0,2,1,9.0,7.3,5,0,0,8.4,259067.0
1268.0,4,3,33.0,4.5,3,0,0,4.3,275085.0
1456.0,3,2,12.0,6.4,14,0,0,7.3,335776.0
1443.0,4,3,14.0,2.5,8,1,0,9.5,421545.0
2024.0,1,1,17.0,13.8,19,1,0,6.1,342334.0
1201.0,3,2,16.0,4.0,12,1,0,5.5,290651.0
1594.0,3,2,21.0,0.7,0,1,1,5.8,337293.0
856.0,4,4,22.0,4.8,5,0,0,9.3,307552.0
1648.0,1,1,8.0,3.5,14,1,0,6.8,372766.0
1402.0,1,1,5.0,13.2,14,1,0,10.0,349537.0
988.0,4,3,6.0,2.9,14,0,0,6.6,308215.0
1270.0,4,3,31.0,4.4,4,1,1,4.7,308869.0
1299.0,5,5,11.0,7.4,4,0,0,4.8,314898.0
1251.0,2,2,24.0,9.8,4,1,0,6.1,284595.0
2374.0,5,4,23.0,16.5,13,1,1,1.9,397693.0
1346.0,2,2,14.0,3.2,0,0,1,5.1,278877.0
1266.0,4,4,7.0,15.3,16,1,0,5.1,303908.0
250.0,1,1,23.0,12.9,5,0,0,6.5,140274.0
908.0,5,4,14.0,3.4,9,1,1,9.9,384605.0
1255.0,2,2,5.0,3.1,4,1,1,6.1,338268.0
1023.0,5,5,9.0,8.7,8,1,1,2.2,301231.0
2160.0,2,1,3.0,6.3,15,1,0,4.2,394646.0
1309.0,4,4,10.0,8.6,3,1,1,6.5,340566.0
2109.0,3,3,15.0,4.9,11,1,0,6.2,419877.0
1434.0,1,1,13.0,6.8,1,1,0,9.2,341939.0
1420.0,1,1,12.0,5.8,3,0,1,7.9,319820.0
1351.0,4,4,15.0,8.6,13,1,1,7.9,378019.0
1402.0,1,1,20.0,3.0,11,0,0,5.6,292199.0
2345.0,2,2,25.0,7.2,12,1,0,8.2,431007.0
250.0,3,2,28.0,16.3,4,0,1,4.2,138804.0
299.0,2,1,7.0,15.6,4,1,0,7.9,163857.0
1101.0,1,1,29.0,7.8,8,1,0,5.4,235173.0
1408.0,4,3,14.0,2.9,2,1,0,3.1,319044.0
1780.0,4,3,11.0,21.6,17,1,0,7.2,386083.0
1660.0,4,4,6.0,8.6,5,1,1,8.8,420072.0
1189.0,5,5,19.0,20.2,14,1,0,5.2,322796.0
1960.0,1,1,18.0,8.8,3,0,0,9.1,379389.0
1967.0,3,2,9.0,0.4,13,1,1,2.7,345439.0
1501.0,2,1,9.0,21.5,4,0,0,3.6,252256.0
1929.0,5,5,12.0,11.6,5,1,0,5.7,383513.0
1550.0,3,3,10.0,6.6,8,1,0,5.3,329800.0
1091.0,1,1,7.0,1.2,2,1,1,4.7,275387.0
1784.0,4,4,5.0,12.5,2,1,1,6.3,389060.0
1461.0,1,1,30.0,8.7,15,0,1,4.9,281107.0
1401.0,2,2,9.0,25.6,6,1,0,5.3,251895.0
2210.0,4,3,18.0,18.9,11,0,1,6.6,424559.0
250.0,3,2,21.0,19.8,12,1,0,4.7,113897.0
620.0,4,3,19.0,7.7,12,1,0,5.8,257901.0
747.0,3,2,22.0,7.4,12,1,0,4.7,214651.0
1200.0,5,5,19.0,8.8,19,0,0,3.6,311756.0
1260.0,3,2,8.0,3.8,12,1,0,7.5,330133.0
571.0,1,1,11.0,6.8,6,0,0,9.4,265595.0
858.0,1,1,29.0,5.8,5,1,1,8.1,244757.0
927.0,4,3,9.0,15.0,16,1,1,6.7,268421.0
2752.0,1,1,14.0,17.1,8,0,0,4.7,407629.0
2391.0,2,1,20.0,10.6,11,1,1,5.4,429904.0
1174.0,1,1,36.0,3.3,16,0,1,8.1,301273.0
1200.0,2,2,27.0,22.4,4,1,0,1.4,194392.0
768.0,3,3,6.0,12.5,4,0,1,5.3,246821.0
351.0,1,1,18.0,8.4,1,1,1,7.5,180844.0
1336.0,3,3,16.0,9.9,1,0,0,3.7,276338.0
851.0,5,4,11.0,1.8,12,1,0,6.8,317488.0
1353.0,1,1,14.0,5.8,10,0,0,6.8,286438.0
520.0,1,1,8.0,15.8,5,1,1,3.1,149741.0
981.0,2,2,12.0,1.7,4,0,0,6.2,265399.0
1482.0,5,5,9.0,1.7,13,0,0,4.8,380730.0
1601.0,3,2,15.0,12.5,1,0,0,6.8,322060.0
1630.0,4,4,11.0,9.4,14,1,0,7.3,383587.0
674.0,1,1,38.0,1.8,18,1,0,6.8,208271.0
1870.0,4,4,15.0,5.4,9,0,1,6.1,428376.0
960.0,1,1,13.0,8.4,9,1,0,6.6,244042.0
1748.0,4,3,12.0,7.7,10,0,1,3.6,362750.0
1394.0,1,1,11.0,8.9,1,1,0,5.9,275663.0
643.0,5,5,5.0,5.0,12,1,0,4.4,270617.0
1226.0,2,1,24.0,8.0,7,1,0,8.1,307193.0
1601.0,1,1,33.0,10.6,9,0,0,7.4,322525.0
1737.0,2,1,9.0,10.0,0,1,1,7.4,383253.0
1322.0,1,1,29.0,5.2,17,1,1,9.4,341322.0
2242.0,1,1,59.0,11.3,6,0,0,5.3,315857.0
1954.0,3,2,46.0,2.9,1,1,1,4.9,377281.0
1259.0,2,1,32.0,3.9,15,0,1,5.3,263005.0
1813.0,2,2,5.0,12.5,19,1,0,2.8,289736.0
2464.0,5,4,5.0,11.1,10,1,0,3.0,412172.0
2478.0,1,1,21.0,5.5,0,1,1,7.2,419093.0
725.0,2,1,14.0,3.8,19,1,1,3.2,218760.0
890.0,1,1,2.0,4.3,4,0,0,3.9,242793.0
2217.0,3,2,10.0,10.3,4,1,0,5.8,381717.0
818.0,2,1,21.0,8.9,14,1,0,5.2,209328.0
673.0,1,1,12.0,3.6,6,1,0,7.8,246300.0
1133.0,1,1,14.0,11.1,1,0,0,6.1,265271.0
1631.0,5,5,5.0,5.4,13,0,0,4.4,357887.0
1344.0,1,1,10.0,3.0,5,1,0,7.9,336413.0
1042.0,4,4,22.0,4.7,17,1,0,7.5,322735.0
1029.0,5,4,10.0,7.1,3,1,0,3.2,307262.0
1008.0,3,2,31.0,10.8,18,0,0,6.5,256538.0
916.0,2,2,14.0,10.3,14,1,0,4.6,238638.0
2655.0,4,4,19.0,6.2,4,1,1,4.5,475500.0
1564.0,5,5,21.0,7.8,11,0,1,9.7,416366.0
1888.0,1,1,21.0,5.8,18,1,0,6.2,373952.0
1131.0,5,5,6.0,3.7,1,0,1,5.6,313812.0
1298.0,5,4,7.0,6.4,16,1,1,6.2,337747.0
1008.0,1,1,2.0,1.1,9,0,0,7.7,286781.0
250.0,1,1,11.0,17.3,18,1,1,4.6,150238.0
642.0,4,4,7.0,7.6,4,1,0,4.9,234215.0
404.0,1,1,9.0,9.2,14,1,0,7.3,205213.0
250.0,4,4,12.0,3.8,19,1,1,3.0,173880.0
743.0,1,1,16.0,7.6,6,0,0,8.0,247791.0
2129.0,4,3,12.0,8.5,2,1,0,2.8,383099.0
1376.0,2,1,12.0,5.6,7,1,0,5.5,301534.0
2110.0,1,1,18.0,5.8,11,0,0,2.8,328912.0
1626.0,1,1,13.0,2.1,12,1,0,3.9,289498.0
1830.0,1,1,25.0,21.1,9,0,0,8.6,315745.0
905.0,3,3,14.0,3.7,18,0,1,8.1,309112.0
1688.0,1,1,37.0,4.2,11,1,0,8.3,357256.0
1801.0,5,4,6.0,18.0,12,0,1,3.1,352619.0
1083.0,4,3,11.0,9.5,19,0,0,3.9,259763.0
1708.0,2,2,8.0,10.9,18,0,0,6.7,362989.0
1711.0,5,5,16.0,2.0,6,1,1,7.4,451889.0
1098.0,4,3,6.0,7.5,5,1,0,4.4,283223.0
782.0,4,4,4.0,2.0,14,0,0,4.8,271911.0
749.0,1,1,7.0,3.3,10,1,1,3.7,210192.0
1448.0,4,3,4.0,23.1,8,1,0,9.3,363686.0
1580.0,3,3,12.0,2.8,13,1,0,5.1,353884.0
964.0,5,5,16.0,10.5,13,0,1,6.1,325198.0
1415.0,3,3,3.0,3.0,18,0,0,6.2,360634.0
1714.0,4,3,10.0,3.4,7,0,1,8.2,425515.0
1740.0,2,2,27.0,32.4,15,0,0,4.1,248428.0
2254.0,1,1,33.0,6.2,4,1,0,8.3,399328.0
2102.0,1,1,23.0,1.9,18,0,0,3.4,347449.0
849.0,5,5,1.0,10.8,1,1,1,8.3,352814.0
2326.0,4,3,15.0,15.1,15,1,0,2.6,410286.0
1108.0,2,2,29.0,11.5,2,1,1,5.8,222707.0
1975.0,4,4,9.0,5.8,17,0,1,9.3,503319.0
1437.0,1,1,5.0,5.9,19,1,0,7.4,345714.0
1173.0,1,1,28.0,4.4,16,1,0,6.8,292399.0
406.0,3,3,31.0,2.5,15,1,0,3.9,155699.0
1306.0,4,3,13.0,8.4,9,1,1,4.5,309651.0
542.0,5,5,5.0,5.6,4,1,0,8.7,316866.0
1932.0,4,3,3.0,2.0,19,1,1,6.9,433430.0
2234.0,2,1,17.0,6.3,10,1,0,7.8,389996.0
962.0,5,4,8.0,3.8,16,1,1,6.1,333933.0
1566.0,3,2,13.0,8.1,14,0,1,5.4,332931.0
1001.0,5,5,12.0,7.5,14,0,0,7.5,347747.0
1054.0,1,1,7.0,5.0,7,0,0,6.5,261033.0
1826.0,1,1,3.0,6.5,8,1,0,5.7,354254.0
1379.0,1,1,10.0,7.0,8,1,0,3.2,269789.0
2357.0,5,5,15.0,12.5,12,1,1,7.9,512495.0
1135.0,1,1,15.0,6.4,14,0,0,6.9,262518.0
1950.0,5,4,8.0,4.5,3,1,0,4.8,422423.0
1454.0,4,3,30.0,5.4,4,1,1,8.4,364628.0
1838.0,1,1,5.0,20.0,0,0,1,6.5,330365.0
1154.0,5,5,26.0,3.1,10,0,0,6.5,334353.0
1373.0,1,1,15.0,5.7,13,1,1,7.8,345276.0
1336.0,1,1,10.0,5.6,4,0,0,7.3,306144.0
940.0,3,3,19.0,5.8,14,1,0,6.6,269562.0
1764.0,2,2,11.0,2.4,0,1,0,5.6,331878.0
1758.0,2,2,4.0,5.4,17,1,0,10.0,427723.0
1726.0,1,1,5.0,4.3,13,0,0,4.5,335436.0
2245.0,4,4,11.0,8.1,13,1,0,7.5,475196.0
2197.0,1,1,9.0,13.8,14,0,0,5.8,375904.0
1194.0,2,2,26.0,8.5,7,1,1,6.9,294894.0
1605.0,3,2,8.0,7.2,19,0,0,8.5,387347.0
1057.0,3,2,8.0,9.1,14,0,1,5.4,262299.0
1413.0,4,3,7.0,7.6,3,0,1,7.2,366797.0
1070.0,2,1,7.0,6.5,18,0,0,6.5,290008.0
2291.0,4,4,7.0,12.2,14,0,0,4.7,414994.0
1600.0,4,3,4.0,5.2,6,0,0,8.5,403598.0
1280.0,2,2,15.0,2.4,18,1,0,7.4,310018.0
2056.0,2,1,12.0,4.2,4,0,1,5.1,376909.0
250.0,3,3,12.0,3.7,12,1,0,8.2,233566.0
292.0,3,3,3.0,23.6,13,1,1,4.3,179325.0
1838.0,1,1,18.0,14.3,19,1,1,5.9,341923.0
1433.0,3,3,19.0,7.2,11,1,1,5.1,337635.0
1538.0,1,1,35.0,3.8,19,1,0,7.5,323628.0
670.0,3,2,18.0,12.1,5,1,1,5.0,182295.0
1387.0,5,5,40.0,7.0,16,1,0,7.5,356708.0
2502.0,3,3,8.0,5.3,4,0,0,7.2,474161.0
1853.0,4,3,37.0,7.1,19,0,1,5.2,364856.0
1493.0,2,1,19.0,5.4,15,1,0,9.7,375157.0
1159.0,5,4,17.0,9.1,12,0,1,4.5,289712.0
1183.0,5,4,11.0,2.2,1,1,0,3.2,292442.0
250.0,5,4,10.0,9.0,9,1,1,7.7,234481.0
1542.0,4,3,8.0,5.4,2,0,1,1.7,269164.0
1865.0,4,3,37.0,12.3,18,0,0,9.0,395800.0
533.0,3,3,11.0,14.5,7,0,0,6.2,194411.0
1036.0,5,4,19.0,16.6,16,1,0,3.1,265256.0
763.0,5,5,22.0,24.8,18,1,1,4.1,197606.0
869.0,3,3,22.0,16.3,2,1,0,2.7,193086.0
1429.0,1,1,15.0,12.0,15,0,1,6.8,332823.0
254.0,1,1,36.0,2.5,6,1,0,3.3,109562.0
1738.0,2,1,18.0,0.6,2,1,0,7.0,366486.0
1815.0,1,1,8.0,13.2,5,1,1,5.4,343669.0
1262.0,2,2,10.0,3.3,10,0,1,5.0,300549.0
250.0,1,1,3.0,35.0,17,1,0,7.0,127981.0
852.0,5,4,16.0,1.7,13,0,0,7.2,292900.0
2078.0,1,1,20.0,11.7,4,1,1,8.3,409572.0
250.0,4,3,21.0,7.6,5,1,1,4.7,155927.0
1209.0,2,2,19.0,1.9,6,1,0,5.9,305773.0
751.0,1,1,11.0,7.6,14,1,0,4.7,203123.0
1843.0,4,4,13.0,3.6,10,0,0,6.3,399307.0
1029.0,5,5,13.0,6.2,0,0,0,4.4,272793.0
1622.0,4,4,26.0,6.3,1,1,0,5.2,364948.0
1711.0,5,5,2.0,3.7,1,1,0,5.2,402664.0
2410.0,3,2,9.0,5.0,19,1,1,6.6,470076.0
1288.0,4,3,6.0,3.4,10,0,0,6.0,325245.0
1607.0,1,1,46.0,1.2,9,0,1,7.0,314182.0
583.0,5,4,29.0,7.1,15,0,0,5.8,266841.0
2055.0,4,4,9.0,16.2,3,1,0,4.8,368631.0
982.0,2,1,4.0,3.6,0,1,0,6.4,289776.0
1092.0,2,2,5.0,21.7,5,0,0,4.2,224539.0
1388.0,4,4,25.0,24.7,4,1,1,7.1,338221.0
540.0,1,1,3.0,4.7,15,0,1,5.4,214157.0
1526.0,5,4,13.0,5.6,16,0,1,6.4,380505.0
1932.0,2,1,23.0,4.7,12,0,1,6.4,385936.0
1561.0,1,1,5.0,2.5,18,0,1,9.2,386915.0
526.0,2,2,13.0,5.6,9,1,1,6.8,245077.0
1332.0,5,5,10.0,5.1,4,0,0,6.1,367461.0
1808.0,2,1,9.0,7.1,6,1,1,4.6,348479.0
367.0,3,2,7.0,7.3,2,0,0,7.6,208085.0
809.0,5,5,24.0,2.3,18,1,0,5.5,281019.0
1882.0,1,1,33.0,10.1,12,0,1,2.9,293224.0
1549.0,4,3,11.0,5.5,15,0,1,5.6,345638.0
1627.0,2,2,17.0,2.8,5,1,0,6.4,344909.0
2423.0,4,4,13.0,5.5,14,1,1,4.4,445668.0
1658.0,1,1,2.0,7.5,6,1,0,5.8,341711.0
1762.0,1,1,10.0,18.2,8,0,1,5.9,306466.0
2891.0,4,4,2.0,16.3,13,0,1,5.9,493544.0
1282.0,5,4,9.0,4.4,19,1,0,8.5,376285.0
961.0,5,5,13.0,5.8,11,0,1,3.4,266623.0
1635.0,4,3,21.0,3.3,14,0,1,10.0,417426.0
1641.0,3,2,16.0,8.5,11,0,1,5.9,347358.0
1110.0,1,1,24.0,4.6,8,0,1,7.2,271257.0
832.0,2,1,7.0,5.7,18,0,1,6.3,262640.0
2670.0,4,3,30.0,13.5,19,0,0,2.5,412369.0
1580.0,2,2,33.0,2.3,6,1,1,3.9,314627.0
997.0,3,2,2.0,16.4,17,0,0,5.0,220646.0
1904.0,1,1,3.0,9.1,9,1,0,8.0,376281.0
1340.0,3,3,13.0,15.9,14,0,0,3.2,265548.0
1261.0,2,1,8.0,11.2,10,0,0,4.3,256838.0
1709.0,1,1,10.0,12.7,15,0,1,6.3,346119.0
689.0,1,1,16.0,6.8,17,1,1,6.9,217856.0
1594.0,3,2,25.0,2.7,8,1,1,6.9,358320.0
2452.0,2,1,6.0,4.1,14,1,0,4.0,416477.0
1656.0,1,1,28.0,3.5,10,0,0,2.8,269990.0
1193.0,3,3,7.0,0.9,15,0,0,7.1,333386.0
1121.0,1,1,50.0,13.5,3,1,0,8.9,261045.0
1174.0,1,1,31.0,6.2,14,1,0,5.3,249257.0
1260.0,1,1,8.0,3.2,11,0,0,3.7,273023.0
1192.0,3,3,4.0,24.1,9,1,1,5.1,298173.0
1904.0,5,4,8.0,31.0,7,1,0,6.8,363071.0
447.0,2,2,7.0,2.1,14,1,1,5.5,223918.0
1874.0,2,2,20.0,5.6,6,0,1,8.8,413144.0
1191.0,2,1,2.0,5.3,0,1,1,7.8,333903.0
1607.0,2,2,3.0,3.0,18,0,0,6.4,352066.0
780.0,4,3,19.0,13.3,8,1,0,2.1,195728.0
2131.0,2,1,7.0,0.9,3,1,1,4.6,376100.0
2085.0,4,3,9.0,20.1,4,0,0,4.9,366702.0
1928.0,5,4,23.0,7.0,16,0,0,4.5,359910.0
567.0,5,4,26.0,22.8,6,1,1,6.4,230438.0
1856.0,3,2,30.0,6.6,5,0,1,6.4,347375.0
1623.0,4,4,21.0,5.3,9,0,1,2.7,321866.0
517.0,5,4,11.0,14.0,0,0,0,7.6,248025.0
1387.0,4,3,10.0,22.7,11,1,0,6.0,310208.0
1600.0,2,2,10.0,20.3,0,1,1,6.7,317123.0
1706.0,1,1,5.0,1.4,16,1,0,7.5,377573.0
1497.0,1,1,6.0,16.8,8,0,0,4.5,280901.0
1560.0,5,5,27.0,5.1,4,0,0,8.5,385875.0
2210.0,3,3,7.0,6.1,9,1,0,5.7,429770.0
2074.0,2,1,5.0,5.0,3,1,0,9.0,430137.0
250.0,2,2,29.0,4.1,6,1,1,4.2,165826.0
1225.0,2,2,15.0,5.6,2,1,0,8.9,332530.0
1309.0,5,5,38.0,2.9,13,0,0,4.2,291326.0
436.0,4,4,35.0,16.9,19,1,1,10.0,261658.0
1452.0,5,4,5.0,11.1,9,0,1,4.1,327652.0
2087.0,2,2,12.0,8.0,1,1,1,8.1,447112.0
802.0,3,2,6.0,5.0,1,0,1,5.3,246160.0
1585.0,1,1,6.0,4.3,16,0,0,7.4,327442.0
896.0,5,5,9.0,9.3,6,1,0,5.9,304629.0
1030.0,3,2,20.0,8.2,5,0,0,3.8,251775.0
2213.0,3,3,20.0,14.7,2,0,0,0.4,326421.0
1102.0,3,2,18.0,4.4,13,0,1,10.0,330205.0
1654.0,2,1,11.0,4.0,1,1,1,6.1,347610.0
371.0,5,4,21.0,10.8,18,1,0,0.1,140818.0
2424.0,3,3,5.0,12.4,4,1,0,6.6,452482.0
1731.0,4,4,15.0,29.5,1,0,1,7.4,353141.0
1300.0,1,1,13.0,1.3,14,1,0,4.6,278503.0
1717.0,2,2,11.0,17.5,7,0,0,4.6,287537.0
625.0,5,5,16.0,7.5,13,1,0,6.0,282075.0
2050.0,1,1,6.0,4.6,0,0,0,8.4,388910.0
1222.0,1,1,19.0,9.4,17,1,0,6.2,264526.0
1288.0,5,4,13.0,9.2,6,1,0,8.9,359997.0
1130.0,2,2,3.0,4.7,15,1,0,8.3,342141.0
1081.0,2,2,13.0,1.4,18,0,0,5.5,278459.0
1782.0,3,2,8.0,17.6,10,0,0,2.9,310185.0
1541.0,1,1,28.0,3.8,6,1,0,5.5,288665.0
1758.0,1,1,5.0,3.3,6,1,0,7.1,353022.0
1395.0,1,1,5.0,4.1,13,0,0,6.1,299385.0
1682.0,1,1,17.0,12.0,0,1,1,7.3,336771.0
1170.0,1,1,11.0,5.2,2,1,1,7.7,308717.0
2626.0,4,3,11.0,4.1,12,0,0,7.1,474955.0
538.0,2,1,50.0,9.0,0,1,0,5.4,159886.0
2094.0,1,1,20.0,8.1,5,1,0,7.0,371313.0
2152.0,1,1,10.0,4.2,12,1,0,10.0,445852.0
931.0,3,3,3.0,1.4,5,0,1,3.0,265750.0
2626.0,5,4,10.0,11.8,18,1,1,7.0,490223.0
1948.0,2,2,4.0,8.2,19,0,0,9.7,437509.0
1934.0,1,1,6.0,1.0,0,1,0,3.7,348174.0
1415.0,2,2,6.0,19.3,3,0,0,8.0,299227.0
1281.0,3,2,26.0,0.9,18,1,0,8.3,342210.0
1285.0,1,1,4.0,3.5,0,1,0,3.0,271075.0
1615.0,5,4,24.0,3.7,9,1,0,7.4,423931.0
2171.0,4,4,18.0,4.3,18,1,0,5.5,451654.0
1500.0,2,1,18.0,4.1,11,1,1,5.9,356442.0
899.0,5,4,6.0,2.3,6,0,1,5.4,289873.0
1853.0,2,1,22.0,7.6,0,0,0,8.6,349573.0
1907.0,1,1,5.0,13.2,7,0,1,5.8,346569.0
1760.0,5,4,34.0,7.5,10,1,1,5.1,384298.0
1810.0,5,5,26.0,8.5,1,0,0,5.1,339613.0
1251.0,2,1,37.0,5.3,10,1,1,5.3,258068.0
889.0,3,3,13.0,7.3,8,0,1,3.8,224206.0
922.0,1,1,11.0,9.0,6,0,0,5.1,220238.0
500.0,4,3,9.0,11.1,19,1,0,6.2,240977.0
1530.0,4,3,49.0,3.9,17,1,0,6.8,332698.0
1354.0,4,3,20.0,3.5,13,0,1,8.4,370989.0
1158.0,3,3,4.0,0.6,11,1,1,6.5,324707.0
250.0,4,3,31.0,23.1,9,0,0,5.1,123320.0
714.0,3,3,11.0,22.1,1,0,0,4.0,157835.0
2016.0,5,4,1.0,6.4,6,1,0,6.6,444695.0
1034.0,1,1,7.0,6.7,0,1,1,5.8,251285.0
1598.0,3,2,26.0,18.4,7,1,0,5.8,316639.0
635.0,3,2,18.0,2.3,9,0,0,6.5,234483.0
2191.0,3,2,20.0,3.2,12,1,0,7.0,431444.0
1321.0,1,1,31.0,19.1,7,1,1,6.5,286622.0
1560.0,2,2,2.0,5.2,5,1,0,5.7,346676.0
2679.0,5,4,7.0,2.8,14,0,0,4.4,485138.0
2234.0,1,1,13.0,9.4,3,0,0,4.8,353000.0
1231.0,4,3,27.0,3.9,2,0,0,7.7,304482.0
1074.0,4,3,5.0,17.0,13,0,0,5.2,267110.0
1221.0,3,2,10.0,7.3,11,0,0,3.3,261905.0
1680.0,1,1,13.0,4.0,17,0,1,8.3,346939.0
1342.0,1,1,7.0,4.2,14,1,0,4.1,261790.0
1183.0,2,1,13.0,9.0,18,1,0,6.1,278719.0
2207.0,1,1,11.0,5.7,13,0,0,7.0,389581.0
1337.0,1,1,8.0,5.2,16,1,0,6.0,305752.0
2665.0,1,1,22.0,11.4,3,1,0,1.0,359630.0
1450.0,1,1,19.0,18.5,10,0,0,6.8,274688.0
2382.0,5,5,23.0,10.3,18,0,0,8.7,501298.0
1597.0,4,4,24.0,3.6,15,1,0,7.6,384047.0
1930.0,1,1,3.0,2.6,8,1,1,1.8,329187.0
1001.0,4,3,4.0,11.0,18,1,0,10.0,340372.0
930.0,1,1,21.0,10.3,6,1,0,3.3,193745.0
1653.0,3,2,9.0,4.9,0,1,1,3.8,334977.0
1944.0,1,1,8.0,5.8,15,1,0,7.6,380483.0
1422.0,1,1,7.0,3.8,8,0,1,6.9,321795.0
692.0,1,1,23.0,2.7,0,1,0,6.2,211906.0
652.0,3,3,47.0,4.1,4,1,0,4.9,201310.0
615.0,3,2,24.0,0.4,1,0,1,8.7,269334.0
428.0,2,2,9.0,14.9,19,1,0,5.9,182517.0
1460.0,4,4,23.0,2.0,16,1,1,2.9,334421.0
2019.0,4,4,3.0,6.5,18,1,0,8.5,477765.0
1393.0,4,4,11.0,0.7,3,0,0,6.4,340860.0
250.0,3,2,2.0,10.1,16,1,0,8.2,211592.0
1295.0,3,2,9.0,12.3,11,1,0,7.1,311906.0
1310.0,3,3,15.0,7.0,5,1,0,10.0,350777.0
2553.0,2,2,53.0,6.2,13,0,1,5.4,409346.0
599.0,3,3,28.0,3.8,19,0,0,6.0,240522.0
1185.0,1,1,2.0,14.6,9,0,1,7.4,305622.0
2338.0,5,5,3.0,1.6,0,0,0,5.4,452523.0
1647.0,2,1,7.0,4.6,16,1,0,7.6,386351.0
1710.0,4,3,41.0,3.4,3,1,0,0.1,271723.0
1463.0,5,5,3.0,3.3,3,1,0,5.9,347361.0
1581.0,3,3,7.0,14.4,12,1,0,5.8,336514.0
1828.0,5,5,7.0,5.9,15,1,1,5.7,422002.0
955.0,3,2,17.0,3.8,15,1,1,4.2,278561.0
1883.0,1,1,23.0,8.4,17,0,0,7.8,351261.0
645.0,1,1,20.0,7.9,17,0,0,5.0,189953.0
1581.0,1,1,16.0,12.1,2,1,0,6.4,306849.0
1498.0,5,5,3.0,9.0,6,1,0,5.9,354773.0
1061.0,3,3,14.0,6.1,14,1,1,7.0,309457.0
1388.0,2,1,31.0,6.5,7,1,0,8.9,351777.0
1058.0,3,3,39.0,8.8,14,1,0,6.4,268087.0
811.0,2,2,17.0,3.0,9,1,0,7.7,286580.0
1206.0,5,5,2.0,7.8,9,1,1,6.3,371993.0
793.0,5,4,17.0,18.3,0,0,1,5.0,227218.0
1578.0,1,1,11.0,7.0,12,1,1,5.7,310686.0
767.0,4,4,3.0,5.0,17,1,0,5.4,265681.0
1792.0,2,2,5.0,4.9,16,1,0,7.1,413539.0
750.0,1,1,6.0,8.5,6,1,0,6.2,229274.0
1089.0,5,4,21.0,7.4,13,1,1,4.4,274289.0
1056.0,1,1,37.0,10.4,3,0,0,5.6,220143.0
2129.0,2,1,19.0,4.0,12,1,1,2.9,337156.0
1582.0,1,1,21.0,5.7,8,1,0,5.6,298290.0
1284.0,3,3,12.0,11.7,18,0,0,6.0,303880.0
1674.0,3,3,8.0,12.3,14,1,0,9.6,445388.0
250.0,2,2,19.0,12.4,1,1,0,8.7,206284.0
1376.0,1,1,16.0,10.8,17,0,1,3.9,252385.0
2499.0,1,1,6.0,11.1,14,1,1,6.4,444968.0
1473.0,5,4,15.0,7.7,4,0,0,6.4,364470.0
1437.0,5,4,13.0,1.9,5,1,0,5.5,380382.0
1701.0,5,5,10.0,2.1,3,0,1,5.7,396091.0
1893.0,3,3,8.0,6.9,6,1,0,5.3,378823.0
301.0,3,3,17.0,7.1,18,0,1,9.7,240337.0
475.0,4,3,8.0,3.3,18,0,1,5.2,244332.0
1516.0,4,3,47.0,3.4,11,0,0,6.7,342912.0
1007.0,3,3,18.0,6.1,7,0,0,0.9,170424.0
2122.0,2,2,17.0,25.3,7,0,0,7.6,362511.0
1227.0,3,2,11.0,2.8,19,1,0,8.4,337418.0
336.0,1,1,9.0,4.8,3,1,1,3.9,159681.0
703.0,1,1,2.0,12.1,15,1,0,5.0,189563.0
250.0,4,3,7.0,10.6,19,1,0,6.9,202558.0
1271.0,5,5,2.0,8.2,17,1,0,6.0,375137.0
1296.0,1,1,2.0,1.1,14,0,1,6.9,321100.0
1167.0,1,1,4.0,5.4,17,0,0,5.4,268877.0
1993.0,1,1,29.0,20.9,4,0,0,9.7,368678.0
2059.0,4,3,29.0,3.3,19,1,1,4.7,420223.0
1306.0,2,1,7.0,3.2,1,0,0,10.0,345028.0
250.0,2,1,3.0,17.7,0,0,0,8.5,172432.0
1740.0,1,1,9.0,6.1,3,0,0,7.7,348721.0
1705.0,5,5,21.0,1.2,12,0,0,3.9,378761.0
1570.0,3,2,25.0,2.5,4,1,1,7.8,371606.0
1940.0,4,3,15.0,4.1,12,1,1,7.2,430585.0
759.0,4,4,17.0,7.9,2,0,1,1.8,204295.0
2505.0,1,1,16.0,5.6,13,0,1,3.2,416518.0
872.0,5,5,3.0,3.1,4,0,0,6.7,313476.0
1812.0,3,3,4.0,5.7,10,0,0,5.7,372074.0
472.0,4,3,38.0,3.3,2,0,1,5.0,220168.0
888.0,2,1,15.0,21.7,19,0,0,8.2,260231.0
2234.0,5,5,1.0,2.3,7,0,1,4.2,468770.0
1257.0,5,5,17.0,4.5,12,0,0,5.1,317416.0
1862.0,3,2,6.0,4.0,9,1,0,4.7,364868.0
1530.0,1,1,27.0,4.1,11,1,1,7.0,305752.0
1342.0,5,5,25.0,2.6,9,1,1,2.6,326905.0
2150.0,5,4,20.0,16.8,1,1,0,5.0,398148.0
1270.0,3,3,15.0,26.6,16,0,0,2.6,192838.0
421.0,3,2,31.0,8.6,12,0,0,5.4,187394.0
958.0,2,2,33.0,8.1,5,1,0,7.4,253811.0
1703.0,1,1,6.0,1.5,1,1,1,7.5,374757.0
1618.0,5,4,20.0,16.5,17,1,0,4.5,317142.0
538.0,3,2,8.0,3.3,6,0,1,7.1,252645.0
1002.0,2,1,5.0,1.3,18,0,0,5.6,277381.0
1080.0,4,3,33.0,9.8,15,1,0,8.7,317888.0
1199.0,1,1,22.0,13.7,19,1,1,5.7,258107.0
643.0,1,1,15.0,16.4,13,1,0,0.1,145305.0
1054.0,2,1,6.0,4.6,3,1,0,7.8,283815.0
999.0,3,2,34.0,4.1,0,0,0,5.1,223272.0
1824.0,2,1,6.0,7.6,4,0,1,5.5,361088.0
1845.0,1,1,4.0,5.6,8,1,0,6.7,358448.0
1320.0,2,1,13.0,9.9,12,1,0,3.2,240485.0
1184.0,2,2,21.0,7.7,17,1,1,6.1,311383.0
1477.0,3,2,10.0,3.1,2,1,1,7.1,371949.0
951.0,3,3,14.0,16.8,12,1,0,6.7,274516.0
769.0,5,4,8.0,10.0,1,1,0,4.8,259538.0
883.0,5,5,9.0,13.4,9,1,0,8.0,309164.0
1051.0,2,1,41.0,3.2,1,0,1,4.0,209461.0
760.0,5,5,12.0,9.8,7,1,1,4.7,268943.0
1489.0,3,2,32.0,11.7,12,0,1,5.7,313679.0
1801.0,1,1,2.0,7.5,14,1,1,6.6,382330.0
527.0,2,2,27.0,2.6,16,1,0,5.4,191086.0
1414.0,4,3,7.0,6.9,10,1,0,8.5,393766.0
1279.0,5,5,22.0,10.9,5,1,1,6.6,321283.0
1588.0,2,1,6.0,14.1,18,1,1,6.2,335088.0
1393.0,1,1,9.0,1.6,18,0,1,6.5,308175.0
601.0,1,1,5.0,7.3,19,0,0,7.5,216689.0
706.0,1,1,23.0,2.0,15,1,1,6.5,264980.0
1416.0,4,4,25.0,11.0,15,1,1,2.4,269499.0
1966.0,3,3,7.0,13.1,1,1,1,8.2,412809.0
250.0,3,3,3.0,2.9,11,0,0,6.2,213156.0
1590.0,4,3,32.0,2.4,8,1,0,7.4,365900.0
2054.0,5,4,7.0,4.0,5,1,1,5.2,441050.0
1316.0,4,4,11.0,5.8,1,0,1,2.3,301022.0
1703.0,1,1,6.0,3.5,4,0,0,1.4,279769.0
1013.0,3,3,21.0,11.7,18,0,0,4.1,229052.0
1334.0,5,4,22.0,14.1,18,1,1,7.0,350230.0
508.0,4,4,36.0,7.1,14,1,1,8.6,274262.0
250.0,2,2,28.0,3.6,2,1,0,6.6,184930.0
1919.0,2,2,26.0,5.6,13,0,0,3.9,329323.0
858.0,5,5,12.0,7.1,2,0,0,4.4,265383.0
1149.0,1,1,11.0,5.4,13,1,0,8.7,320604.0
637.0,3,3,21.0,6.2,0,0,0,3.4,180005.0
625.0,1,1,12.0,13.4,5,1,0,10.0,240487.0
1304.0,5,4,28.0,3.5,2,0,0,9.8,384818.0
999.0,1,1,5.0,22.9,18,1,0,10.0,292327.0
1608.0,1,1,2.0,7.3,11,1,0,6.8,317230.0
1649.0,2,1,19.0,5.2,18,1,1,5.3,328950.0
1576.0,2,2,8.0,3.4,0,0,0,6.7,334299.0
1531.0,3,2,5.0,3.6,14,1,1,7.8,388332.0
2268.0,2,1,51.0,6.6,9,1,0,4.7,374319.0
813.0,2,2,13.0,7.2,9,0,1,3.8,256847.0
1370.0,3,2,4.0,5.0,17,0,1,5.4,293087.0
2023.0,3,2,7.0,2.0,0,0,0,4.5,380126.0
2095.0,5,4,10.0,6.6,18,0,1,8.5,480024.0
618.0,3,3,19.0,3.7,0,0,1,4.8,211777.0
1228.0,3,2,7.0,1.2,7,0,0,6.2,319685.0
2147.0,4,4,11.0,10.2,2,1,1,8.0,463373.0
1679.0,1,1,16.0,1.4,10,1,0,8.6,373322.0
1507.0,4,3,18.0,4.9,11,1,0,6.4,359095.0
1280.0,5,5,12.0,6.0,12,1,1,6.8,379832.0
1189.0,2,1,41.0,15.4,15,1,0,4.0,221723.0
1559.0,1,1,21.0,1.3,15,1,0,8.0,357173.0
1261.0,2,2,21.0,11.0,18,1,0,8.5,315280.0
1377.0,2,2,20.0,12.2,8,0,1,2.3,279234.0
1443.0,3,2,28.0,18.6,3,0,0,9.5,329597.0
1027.0,5,4,15.0,13.8,3,1,0,4.6,281980.0
1693.0,3,3,5.0,6.2,5,0,1,7.2,378945.0
3003.0,1,1,18.0,11.3,12,1,1,6.2,490778.0
423.0,2,2,19.0,15.9,1,1,0,5.9,171267.0
1578.0,4,3,31.0,1.0,19,1,1,5.6,338637.0
982.0,2,2,5.0,2.0,19,1,0,4.0,252243.0
1718.0,3,2,6.0,7.8,3,1,0,7.0,366302.0
1426.0,4,4,13.0,12.1,15,0,0,5.4,314452.0
1819.0,2,2,20.0,9.9,11,1,0,3.4,301624.0
2047.0,4,3,4.0,8.3,9,1,1,3.9,401380.0
1506.0,2,1,5.0,18.4,14,1,0,3.4,291081.0
2023.0,1,1,24.0,5.0,11,1,0,5.0,355891.0
250.0,2,1,4.0,3.6,6,0,0,7.0,173002.0
2275.0,3,2,6.0,4.3,11,0,0,4.6,395837.0
1606.0,1,1,25.0,7.9,2,0,1,8.0,326189.0
1993.0,5,5,20.0,6.0,5,0,0,5.8,390706.0
729.0,3,2,8.0,12.5,19,1,1,5.4,248884.0
943.0,1,1,19.0,3.7,3,1,0,6.0,261847.0
1480.0,5,4,16.0,8.7,11,0,1,8.8,387957.0
1391.0,5,4,12.0,11.3,5,1,1,3.3,315024.0
1556.0,1,1,9.0,15.9,9,1,0,9.3,343213.0
1996.0,1,1,18.0,2.4,4,1,0,7.9,389273.0
429.0,2,1,4.0,4.2,11,0,1,6.0,209806.0
1936.0,3,3,18.0,5.7,11,1,0,8.4,417342.0
1405.0,4,3,15.0,1.7,12,0,0,5.4,320552.0
1288.0,3,2,16.0,8.3,6,1,1,6.6,297484.0
591.0,4,4,6.0,8.2,11,1,1,4.9,249972.0
1677.0,1,1,32.0,7.7,14,1,1,7.9,365954.0
250.0,4,3,8.0,5.4,14,1,1,4.6,213962.0
1757.0,5,5,9.0,14.8,11,1,0,5.9,411834.0
579.0,3,3,11.0,4.3,5,0,1,7.4,246249.0
1429.0,3,3,20.0,13.8,10,1,0,8.1,354953.0
1334.0,2,2,15.0,4.2,10,1,1,4.4,282505.0
2043.0,5,5,3.0,2.3,19,1,1,7.5,502674.0
1302.0,1,1,13.0,6.2,7,1,0,4.0,283335.0
1018.0,2,2,14.0,7.1,6,0,1,1.7,211091.0
1121.0,1,1,32.0,8.8,14,1,0,4.5,250263.0
2100.0,5,5,10.0,0.7,12,0,0,7.7,466548.0
1695.0,3,2,19.0,5.0,8,1,0,6.0,354781.0
1188.0,5,5,67.0,21.9,0,1,0,4.9,219824.0
1270.0,4,3,29.0,4.0,14,0,0,6.1,309397.0
538.0,3,3,5.0,12.2,14,1,1,6.0,240989.0
1614.0,3,2,22.0,35.0,18,0,0,7.2,293916.0
432.0,2,1,18.0,24.5,10,1,1,2.8,110488.0
1813.0,3,2,10.0,2.6,10,1,0,5.8,375804.0
1471.0,4,4,22.0,11.5,4,0,1,6.2,338260.0
2713.0,5,4,5.0,12.0,9,1,1,3.3,475504.0
795.0,3,3,8.0,10.2,0,0,0,3.2,184965.0
1344.0,5,5,11.0,2.3,10,0,0,5.3,319950.0
2389.0,5,4,9.0,7.6,14,1,1,6.0,477655.0
2055.0,3,3,21.0,7.6,15,1,0,6.0,383478.0
1017.0,3,3,13.0,2.0,13,0,0,4.9,260308.0
1523.0,1,1,9.0,5.2,16,1,0,4.8,303418.0
1401.0,2,2,28.0,7.9,13,0,0,5.2,277333.0
1555.0,5,4,20.0,6.1,15,1,1,6.6,380006.0
1016.0,1,1,3.0,10.8,8,1,1,8.5,329235.0
1351.0,2,2,3.0,5.1,12,1,1,1.6,253903.0
521.0,4,4,9.0,7.0,12,0,0,7.2,270757.0
1474.0,2,2,4.0,12.7,11,0,1,5.8,314036.0
1648.0,5,5,25.0,20.2,11,0,0,7.1,348139.0
1275.0,4,4,8.0,2.2,15,1,1,8.4,400306.0
512.0,1,1,19.0,10.5,4,1,0,4.5,151076.0
1944.0,2,2,22.0,4.4,6,1,0,7.9,389454.0
1600.0,4,4,2.0,8.8,10,1,1,3.5,375477.0
1001.0,5,4,8.0,2.0,12,1,1,6.3,307096.0
1246.0,5,4,11.0,15.0,10,1,0,5.5,312150.0
575.0,5,4,16.0,3.4,3,1,0,6.1,262521.0
836.0,1,1,24.0,12.9,16,1,0,4.0,206370.0
1104.0,4,4,53.0,2.3,10,0,1,6.9,288114.0
2076.0,1,1,38.0,1.7,8,1,1,9.2,456552.0
1048.0,1,1,12.0,5.5,17,0,1,4.1,248792.0
1752.0,4,4,12.0,7.7,8,1,1,6.4,367324.0
1104.0,3,2,36.0,26.0,3,1,1,7.7,235370.0
1536.0,4,4,13.0,7.5,19,0,0,5.4,351415.0
1322.0,5,5,8.0,2.6,7,1,0,8.7,386772.0
1880.0,1,1,26.0,11.5,17,0,1,5.1,332110.0
1106.0,3,2,17.0,16.7,10,1,0,5.8,256636.0
535.0,5,4,3.0,3.2,4,1,0,4.0,222416.0
640.0,3,3,10.0,12.6,7,0,0,6.3,210306.0
1107.0,3,3,4.0,15.3,18,1,1,6.0,313323.0
713.0,3,2,1.0,11.7,18,1,1,7.3,248693.0
1626.0,5,5,42.0,3.8,2,1,0,4.7,359222.0
1144.0,1,1,14.0,7.7,19,1,1,4.6,277316.0
2706.0,5,5,10.0,8.8,17,1,0,6.9,527838.0
444.0,5,4,9.0,14.7,12,0,0,8.8,240310.0
1512.0,5,4,13.0,4.0,3,1,0,7.3,396598.0
780.0,3,3,9.0,12.8,11,0,0,9.7,284251.0
1129.0,3,2,6.0,5.9,8,1,0,7.1,294520.0
1478.0,2,2,9.0,5.0,2,1,1,7.0,376882.0
250.0,2,2,33.0,6.9,19,1,1,7.4,182728.0
1530.0,5,4,25.0,0.5,12,0,0,9.0,384930.0
2447.0,3,2,9.0,0.8,1,0,1,8.5,495657.0
1151.0,4,4,45.0,1.1,6,1,1,3.8,273408.0
1543.0,1,1,12.0,9.1,16,1,0,7.6,360671.0
1964.0,4,4,7.0,5.4,8,0,0,6.5,411635.0
1310.0,4,3,17.0,3.8,9,1,0,5.6,321021.0
1080.0,5,4,37.0,6.4,2,1,1,2.5,255343.0
250.0,1,1,32.0,13.0,2,0,0,2.9,76993.0
1753.0,3,3,7.0,6.2,19,1,1,5.3,387955.0
1338.0,3,3,5.0,2.6,19,0,1,3.1,307231.0
843.0,3,3,10.0,28.7,1,0,0,5.3,198359.0
1470.0,1,1,19.0,6.7,10,1,0,7.4,317109.0
1079.0,3,3,23.0,15.4,13,1,0,4.8,262939.0
1109.0,2,1,29.0,11.8,17,1,0,6.2,251843.0
1733.0,4,4,15.0,4.7,11,0,1,3.9,368885.0
664.0,2,2,15.0,20.0,17,1,1,6.6,240481.0
1976.0,3,2,15.0,4.1,2,1,0,7.0,396122.0
631.0,4,3,27.0,9.0,0,1,1,3.2,228371.0
1036.0,1,1,23.0,8.2,9,1,0,4.5,213551.0
2458.0,4,4,7.0,8.7,5,1,0,3.5,425499.0
2020.0,4,4,21.0,17.8,15,1,0,7.0,414340.0
1454.0,1,1,26.0,6.8,6,1,0,6.3,302374.0
883.0,1,1,27.0,7.8,8,1,0,5.9,222469.0
1109.0,5,5,17.0,8.1,10,0,0,5.7,317958.0
1440.0,2,1,16.0,25.3,19,0,1,6.6,287877.0
1421.0,5,5,13.0,14.6,1,1,0,6.7,381538.0
1350.0,3,3,14.0,1.6,11,1,0,5.0,321545.0
1383.0,2,2,40.0,4.2,7,1,0,4.7,261761.0
1282.0,2,1,14.0,7.1,0,1,0,5.9,278442.0
607.0,4,4,7.0,17.5,16,0,0,5.6,230625.0
1116.0,1,1,17.0,18.7,18,1,0,10.0,306271.0
1903.0,3,3,23.0,6.5,3,1,0,5.2,369195.0
647.0,2,2,26.0,4.1,15,1,1,6.6,228793.0
1296.0,1,1,6.0,5.8,14,0,0,6.9,316769.0
949.0,2,1,35.0,7.3,14,1,0,8.8,303320.0
1461.0,3,3,22.0,5.5,9,0,0,4.4,299307.0
1186.0,4,4,34.0,15.6,6,1,0,8.7,343936.0
2213.0,1,1,4.0,5.1,1,1,0,5.7,410702.0
1679.0,5,5,28.0,3.2,0,1,0,10.0,469364.0
679.0,5,5,5.0,5.7,3,0,1,6.7,296769.0
1769.0,4,3,11.0,8.5,10,1,1,3.5,357854.0
974.0,5,5,23.0,15.8,2,0,1,5.6,282396.0
1083.0,3,2,5.0,3.0,13,0,0,8.7,325924.0
1573.0,5,4,9.0,8.5,12,1,0,6.2,386514.0
1130.0,4,3,4.0,8.7,6,1,0,5.9,327900.0
1891.0,3,2,22.0,9.9,1,1,1,7.4,401671.0
974.0,1,1,7.0,5.1,10,0,0,5.3,238339.0
1060.0,3,3,13.0,9.8,16,0,1,5.6,283756.0
1039.0,5,5,18.0,11.5,7,1,0,4.1,287409.0
1089.0,5,4,17.0,5.0,16,0,0,9.5,371394.0
2005.0,3,3,16.0,7.8,5,1,0,3.6,371661.0
1746.0,2,1,16.0,6.0,1,0,0,6.3,341330.0
2340.0,4,3,4.0,3.6,12,0,1,7.0,468016.0
2647.0,1,1,11.0,2.1,17,1,0,6.0,454724.0
833.0,1,1,15.0,4.1,17,1,0,3.5,213440.0
1439.0,3,3,14.0,4.3,19,1,0,4.0,329962.0
753.0,5,5,12.0,2.1,2,0,1,7.0,313171.0
972.0,2,2,8.0,9.3,0,1,0,4.4,226713.0
1053.0,3,3,16.0,12.1,11,0,0,1.9,206778.0
819.0,2,2,19.0,5.9,19,1,0,6.8,244312.0
821.0,3,3,10.0,6.5,19,1,0,4.3,229298.0
1321.0,1,1,26.0,4.6,5,0,0,7.3,288609.0
731.0,3,2,35.0,6.3,7,1,0,5.6,237742.0
1863.0,3,2,14.0,9.8,13,0,0,5.5,357801.0
895.0,2,2,7.0,8.5,18,1,0,6.1,291924.0
2945.0,2,2,5.0,6.2,3,1,0,3.7,468193.0
1152.0,4,3,11.0,4.3,19,1,1,4.3,309443.0
1440.0,1,1,13.0,11.4,16,1,0,5.5,278656.0
688.0,1,1,5.0,4.7,1,0,0,3.7,174653.0
2338.0,1,1,10.0,2.2,16,1,1,7.4,439105.0
2016.0,5,4,25.0,7.4,12,1,1,5.4,395863.0
1563.0,2,1,2.0,1.3,19,1,0,3.1,299633.0
659.0,1,1,14.0,8.3,4,0,1,4.9,188426.0
1516.0,5,5,9.0,8.7,19,0,0,6.2,363404.0
783.0,1,1,13.0,4.1,0,0,1,5.1,204836.0
2204.0,2,1,37.0,4.5,1,0,0,6.8,386560.0
1845.0,1,1,13.0,12.6,8,1,1,7.1,341817.0
1452.0,4,4,11.0,23.7,13,1,0,10.0,378701.0
250.0,4,4,21.0,6.8,3,1,0,8.3,243293.0
859.0,4,4,17.0,4.1,5,1,1,2.7,257236.0
1778.0,2,2,14.0,8.8,7,0,0,5.3,340006.0
2067.0,2,1,17.0,6.0,2,0,0,5.5,362225.0
2010.0,5,4,30.0,8.3,3,1,0,7.2,412268.0
524.0,5,4,24.0,7.5,2,0,0,4.1,196829.0
1566.0,1,1,11.0,7.6,19,1,0,4.9,333976.0
1959.0,4,3,35.0,0.9,18,0,0,3.5,361045.0
488.0,5,4,9.0,4.5,12,1,0,4.8,240088.0
1396.0,3,3,14.0,4.2,13,0,0,4.9,319050.0
1551.0,4,3,16.0,4.1,2,1,1,5.4,356804.0
1235.0,1,1,10.0,10.4,1,0,0,3.6,229101.0
381.0,1,1,33.0,2.4,7,0,0,8.0,182164.0
1221.0,1,1,10.0,0.9,19,1,0,6.9,307329.0
1220.0,1,1,12.0,4.1,9,1,0,3.1,258644.0
1319.0,5,5,27.0,3.4,16,0,1,6.1,322347.0
1090.0,4,3,9.0,6.9,7,1,1,2.9,277430.0
1156.0,4,4,4.0,3.4,6,1,1,8.7,370993.0
1378.0,2,1,15.0,5.4,16,1,1,9.2,338541.0
1643.0,5,5,6.0,4.8,9,0,0,5.9,375399.0
1233.0,1,1,5.0,15.3,14,0,1,4.3,246409.0
1175.0,5,5,2.0,3.5,14,1,0,4.7,339221.0
1451.0,1,1,2.0,9.9,14,0,1,5.1,308388.0
343.0,1,1,2.0,6.2,13,1,0,5.8,198016.0
1662.0,1,1,38.0,12.8,16,1,0,8.7,315182.0
1400.0,4,4,2.0,18.5,9,0,1,7.9,361685.0
1422.0,2,2,6.0,6.1,6,1,0,7.9,360986.0
1928.0,3,2,12.0,1.3,10,1,1,6.3,415639.0
326.0,3,3,21.0,2.4,6,1,1,3.7,187212.0
314.0,4,4,22.0,1.9,0,0,1,4.5,163607.0
1551.0,2,2,7.0,4.6,7,1,0,6.1,329795.0
1396.0,1,1,14.0,4.0,10,1,0,3.6,290553.0
1494.0,2,2,12.0,7.7,10,1,1,6.6,339206.0
1146.0,2,1,14.0,12.1,6,1,0,7.6,318441.0
1765.0,4,4,15.0,1.2,14,1,0,7.1,400102.0
1913.0,4,3,18.0,6.6,5,1,1,7.0,437917.0
1666.0,1,1,8.0,3.5,12,0,1,2.3,282088.0
1257.0,4,4,10.0,6.7,5,0,1,8.7,377380.0
250.0,1,1,51.0,4.6,19,0,0,2.9,80705.0
1823.0,4,4,9.0,10.7,12,0,0,5.7,380313.0
2072.0,2,2,14.0,2.6,11,0,1,7.2,426524.0
1755.0,2,1,12.0,3.7,8,0,0,6.7,347833.0
916.0,3,3,14.0,5.8,15,1,0,3.4,253673.0
1771.0,2,1,27.0,5.0,8,0,0,3.8,297006.0
1873.0,4,4,11.0,5.8,16,1,1,6.6,430177.0
2257.0,5,5,5.0,1.5,3,1,0,7.0,454844.0
918.0,5,5,8.0,16.6,16,1,0,3.8,258241.0
1275.0,3,3,12.0,4.3,19,1,0,6.8,357760.0
1811.0,3,3,15.0,2.8,4,1,0,3.0,350393.0
1432.0,3,2,7.0,5.9,4,0,1,7.2,359248.0
785.0,4,3,8.0,6.6,19,1,0,4.2,254566.0
1628.0,3,3,16.0,21.6,8,1,0,6.2,349512.0
1718.0,3,2,16.0,13.4,13,1,0,5.8,349072.0
1448.0,3,2,25.0,4.9,3,0,0,8.3,330733.0
1521.0,2,1,8.0,19.1,8,1,0,6.5,320440.0
1258.0,3,3,19.0,16.7,14,1,1,4.8,295540.0
2213.0,4,3,12.0,2.8,17,0,0,6.7,458018.0
905.0,3,3,9.0,24.9,8,0,0,10.0,277009.0
1077.0,5,4,12.0,4.4,1,1,0,7.5,343037.0
1406.0,5,4,14.0,7.2,8,0,1,5.9,369295.0
1883.0,3,3,4.0,15.0,12,1,1,4.3,372580.0
576.0,5,5,5.0,1.2,17,0,0,4.8,240759.0
679.0,1,1,21.0,5.8,16,1,0,7.4,224689.0
279.0,5,4,10.0,8.0,15,0,0,4.2,181718.0
1418.0,2,1,15.0,13.1,3,1,1,6.0,289953.0
785.0,3,3,21.0,6.4,10,0,1,8.9,260782.0
1188.0,2,2,12.0,1.2,11,1,1,6.3,343582.0
1764.0,3,3,19.0,21.5,9,1,1,3.8,302734.0
1047.0,2,2,14.0,6.5,18,0,0,10.0,313041.0
1527.0,4,3,14.0,8.3,19,0,0,9.5,368122.0
1235.0,1,1,29.0,1.7,4,1,0,7.0,298840.0
1770.0,5,5,11.0,16.2,19,0,1,8.6,426868.0
1661.0,5,4,21.0,4.4,16,1,0,5.5,376295.0
1019.0,3,3,4.0,3.5,14,1,0,7.4,320120.0
1307.0,3,2,15.0,13.8,7,1,0,5.2,292575.0
1974.0,4,3,34.0,1.9,15,1,0,3.3,357372.0
1616.0,1,1,53.0,8.4,11,0,1,10.0,311003.0
632.0,4,3,4.0,3.5,17,1,0,3.2,212694.0
1761.0,2,1,10.0,9.1,14,0,1,6.6,339879.0
803.0,4,3,6.0,10.8,19,1,0,6.6,286478.0
2177.0,2,2,12.0,4.3,8,0,1,7.0,437176.0
1963.0,4,4,24.0,15.5,1,1,1,5.8,405155.0
1559.0,4,4,29.0,6.6,9,0,1,5.8,322213.0
1486.0,2,2,30.0,21.7,19,0,1,6.3,295012.0
1285.0,4,4,4.0,13.9,13,1,0,7.0,334479.0
1773.0,3,2,13.0,7.1,14,1,0,6.0,411982.0
1196.0,2,1,8.0,7.1,12,0,1,5.9,306388.0
1530.0,3,3,11.0,2.1,11,0,1,3.4,344257.0
1880.0,5,5,9.0,13.8,1,1,1,10.0,478194.0
1091.0,1,1,4.0,3.9,8,0,1,7.1,295694.0
1061.0,5,5,30.0,7.7,1,0,0,6.4,287642.0
743.0,5,4,7.0,21.5,6,0,0,4.8,214584.0
815.0,3,3,8.0,15.3,14,1,1,4.0,221339.0
394.0,4,4,34.0,3.0,16,1,0,7.7,252738.0
1801.0,2,1,3.0,6.6,4,0,1,5.7,378054.0
2395.0,1,1,18.0,8.3,13,1,0,7.2,423835.0
2184.0,3,3,26.0,16.6,4,1,1,3.3,347839.0
506.0,5,5,32.0,15.0,4,0,1,9.1,238039.0
1799.0,2,1,17.0,9.9,19,1,0,7.8,380818.0
2182.0,4,4,21.0,9.2,12,1,1,5.8,450916.0
1149.0,4,3,26.0,6.5,3,0,0,6.9,314193.0
1456.0,4,3,12.0,8.1,2,0,0,7.5,369496.0
296.0,2,2,6.0,5.4,0,0,1,3.3,154404.0
1547.0,2,1,35.0,11.6,9,0,0,9.4,333149.0
815.0,3,2,20.0,9.6,2,1,0,7.0,270262.0
1510.0,5,5,13.0,13.5,11,1,1,4.6,335489.0
541.0,5,4,4.0,13.2,8,1,1,3.8,220046.0
1699.0,3,3,1.0,3.9,12,0,0,8.0,426594.0
1963.0,5,5,18.0,0.6,4,1,1,6.4,432430.0
969.0,3,2,1.0,3.7,2,1,0,7.0,300440.0
775.0,2,2,13.0,8.1,2,1,0,6.1,244629.0
250.0,1,1,7.0,5.4,1,1,1,4.0,149318.0
1253.0,4,4,9.0,5.2,1,1,0,7.0,361126.0
1080.0,4,4,30.0,3.5,5,0,1,5.6,310099.0
547.0,5,4,7.0,8.9,16,1,1,6.0,275821.0
1649.0,4,3,14.0,1.2,12,0,1,10.0,455023.0
1153.0,1,1,7.0,9.8,5,0,1,7.7,275873.0
808.0,3,2,16.0,9.9,18,1,0,7.9,275448.0
1095.0,4,4,15.0,13.3,15,0,1,10.0,385953.0
1989.0,3,3,13.0,35.0,15,1,0,6.8,383503.0
1732.0,3,2,26.0,0.5,17,1,0,6.2,354599.0
1328.0,5,4,3.0,9.6,14,1,0,4.6,334015.0
1741.0,4,4,2.0,11.0,19,0,1,5.1,381593.0
761.0,4,4,5.0,3.7,6,0,0,1.9,220609.0
1418.0,3,2,15.0,5.7,17,1,0,7.6,372391.0
1481.0,2,1,18.0,4.5,2,0,0,3.5,293756.0
1142.0,3,3,0.0,10.1,6,0,0,7.8,318670.0
1640.0,5,4,18.0,14.3,17,0,1,5.9,380248.0
971.0,4,3,10.0,2.4,2,1,0,6.3,310113.0
1680.0,4,3,36.0,9.0,10,0,1,5.9,342944.0
1704.0,1,1,17.0,16.3,6,0,1,8.8,323018.0
250.0,5,4,33.0,3.9,2,1,0,8.4,250119.0
2055.0,2,1,29.0,3.1,4,0,0,5.9,371603.0
250.0,5,4,10.0,2.8,10,1,0,4.2,211874.0
1061.0,3,3,24.0,3.3,12,0,0,7.8,290230.0
1964.0,5,5,10.0,21.3,13,0,0,4.1,393300.0
1225.0,5,4,39.0,24.6,2,1,0,2.9,226875.0
594.0,4,4,11.0,17.7,6,1,1,7.0,234893.0
798.0,5,4,19.0,5.3,2,0,0,8.4,281652.0
1965.0,4,3,44.0,18.2,0,0,0,5.2,334635.0
343.0,5,5,20.0,2.7,7,0,0,6.8,247955.0
2021.0,1,1,9.0,11.7,12,0,1,5.2,348476.0
1370.0,1,1,4.0,4.2,7,1,0,7.4,335167.0
744.0,3,3,3.0,2.4,0,1,1,8.2,315048.0
1079.0,5,4,18.0,8.8,4,0,0,5.5,289301.0
841.0,4,3,12.0,8.9,8,1,1,3.9,239129.0
1876.0,3,3,5.0,9.6,7,0,0,3.1,349367.0
1803.0,3,2,22.0,10.4,16,1,0,7.9,398741.0
454.0,4,4,22.0,8.5,11,1,0,3.7,199720.0
1178.0,5,5,12.0,6.1,19,0,0,6.7,331772.0
925.0,5,4,34.0,7.0,3,0,1,7.6,276366.0
2111.0,1,1,3.0,11.9,7,0,0,5.0,357379.0
657.0,3,3,10.0,8.2,1,1,0,5.7,246770.0
2282.0,2,2,20.0,4.6,0,0,0,8.0,443181.0
1382.0,4,3,5.0,3.6,18,1,0,4.4,343747.0
761.0,3,3,23.0,7.0,9,0,1,4.2,211592.0
1027.0,5,4,28.0,16.2,13,0,0,5.5,250757.0
959.0,3,3,1.0,10.5,5,1,1,8.6,324576.0
699.0,4,4,35.0,16.8,1,0,1,9.2,258799.0
1452.0,1,1,19.0,5.2,17,1,0,5.8,321618.0
725.0,5,5,9.0,7.8,13,1,0,4.6,260254.0
250.0,1,1,3.0,8.7,14,0,0,8.1,185827.0
1191.0,2,1,26.0,12.2,10,1,0,2.7,243788.0
408.0,5,5,4.0,5.2,8,0,1,6.5,282341.0
986.0,5,4,19.0,10.5,8,1,0,5.9,278689.0
900.0,3,2,5.0,15.6,15,1,0,8.6,315403.0
921.0,3,2,13.0,6.4,4,0,1,8.8,286482.0
2501.0,1,1,25.0,3.2,6,1,0,4.1,391371.0
1431.0,5,4,9.0,16.0,6,0,1,6.3,338825.0
1535.0,1,1,35.0,11.1,10,1,1,4.9,278584.0
423.0,1,1,20.0,1.9,19,1,0,5.4,195051.0
1040.0,3,2,5.0,6.5,18,1,0,7.2,314311.0
1518.0,1,1,4.0,22.1,10,1,0,5.3,289720.0
837.0,1,1,7.0,9.9,4,1,1,6.4,237900.0
1899.0,4,4,13.0,7.0,18,1,0,7.9,442571.0
739.0,4,3,37.0,2.9,6,1,1,9.0,296968.0
1242.0,2,1,42.0,2.9,7,1,1,6.6,267079.0
1078.0,4,3,8.0,11.7,17,1,0,6.2,311146.0
1490.0,4,4,8.0,3.1,5,1,1,3.8,346005.0
1048.0,2,2,22.0,8.7,9,1,0,9.2,296149.0
1251.0,4,3,22.0,6.4,18,1,0,7.0,328530.0
1270.0,3,2,31.0,8.3,6,1,1,6.3,293976.0
996.0,5,5,32.0,5.9,12,1,0,6.2,299409.0
1667.0,1,1,6.0,9.6,0,1,1,6.7,369271.0
1531.0,2,2,3.0,13.2,19,1,1,7.5,392202.0
1351.0,2,1,20.0,6.0,8,0,0,7.8,273553.0
1163.0,2,2,15.0,12.4,13,1,0,9.2,328028.0
1838.0,5,5,2.0,17.3,10,1,0,6.5,423023.0
1270.0,4,3,3.0,8.7,8,0,0,9.5,364415.0
1231.0,3,3,19.0,11.5,8,1,1,8.1,345651.0
1458.0,3,2,12.0,2.4,0,1,0,5.9,357362.0
2333.0,5,5,20.0,6.1,5,0,1,2.7,396328.0
663.0,3,2,5.0,1.7,7,0,0,6.2,248137.0
1823.0,2,1,21.0,4.5,7,0,0,9.1,414558.0
359.0,1,1,17.0,6.2,5,0,0,4.4,121213.0
1520.0,2,2,22.0,23.4,12,1,0,6.2,289307.0
2266.0,4,4,9.0,3.7,16,0,0,6.3,450390.0
1669.0,3,3,7.0,6.7,17,1,0,7.9,415098.0
1494.0,3,2,3.0,3.1,19,0,0,5.2,353759.0
1092.0,3,3,10.0,5.8,12,1,0,4.3,279949.0
1417.0,5,5,27.0,9.7,8,1,0,7.1,359737.0
1261.0,5,5,33.0,10.8,12,1,0,4.5,275000.0
968.0,1,1,5.0,5.2,2,1,0,2.3,223476.0
1241.0,1,1,13.0,4.1,16,1,0,9.7,338234.0
1509.0,2,1,37.0,18.8,10,0,1,7.9,296539.0
978.0,5,4,41.0,4.9,3,1,0,9.8,345916.0
957.0,3,2,10.0,0.8,8,0,0,7.7,302512.0
652.0,5,5,29.0,15.7,6,1,0,7.4,271470.0
1615.0,4,4,26.0,1.1,6,1,0,6.7,387708.0
1700.0,3,3,24.0,15.7,1,1,1,5.6,337733.0
1527.0,2,2,2.0,1.7,0,1,1,7.0,372562.0
1931.0,2,2,8.0,2.1,6,1,1,4.9,368129.0
1448.0,1,1,12.0,2.6,6,1,0,3.9,281918.0
1616.0,3,3,11.0,4.6,19,1,0,5.3,374805.0
1567.0,2,2,12.0,15.8,5,0,0,8.6,327395.0
1350.0,2,1,44.0,2.7,6,1,1,3.5,243716.0
1108.0,1,1,10.0,9.6,18,0,0,3.6,211369.0
2618.0,4,3,17.0,8.2,17,0,0,7.2,490051.0
1151.0,5,5,17.0,7.2,1,1,0,5.2,331133.0
1034.0,3,3,13.0,13.9,1,0,1,7.0,286782.0
1639.0,3,2,5.0,7.6,1,0,0,8.0,339865.0
1539.0,5,4,14.0,8.1,9,0,0,6.9,378823.0
627.0,3,3,1.0,11.4,11,0,1,4.7,215857.0
2017.0,4,4,19.0,4.7,7,1,0,8.6,460167.0
1348.0,3,3,1.0,6.8,0,0,1,7.5,346741.0
789.0,3,2,17.0,8.7,4,1,0,6.1,230636.0
2054.0,3,3,8.0,13.0,12,1,1,6.0,409271.0
1744.0,4,3,5.0,6.1,7,0,1,6.7,389401.0
705.0,4,4,22.0,6.7,2,1,0,5.4,247428.0
2377.0,3,2,9.0,9.5,13,0,1,2.7,379332.0
1762.0,1,1,13.0,6.2,12,1,0,7.5,351099.0
1394.0,5,4,3.0,3.8,9,1,0,7.4,400361.0
2275.0,5,5,34.0,11.4,18,0,0,1.4,381534.0
1488.0,1,1,14.0,7.7,16,1,0,7.0,334135.0
1385.0,2,1,14.0,5.0,0,1,0,9.5,344047.0
1037.0,5,5,19.0,2.6,18,0,0,3.7,274495.0
1720.0,2,2,1.0,1.1,0,0,1,5.9,357245.0
1662.0,5,5,37.0,9.8,9,0,1,5.6,368102.0
1408.0,4,4,10.0,3.7,18,1,0,9.3,397223.0
966.0,5,5,35.0,1.6,19,0,0,8.2,339405.0
1471.0,1,1,10.0,3.3,0,0,0,4.2,285365.0
1362.0,3,2,8.0,8.6,1,0,0,6.7,331834.0
667.0,3,2,18.0,3.6,4,1,1,10.0,316030.0
591.0,5,4,50.0,8.7,5,1,1,4.8,217515.0
1711.0,2,1,29.0,4.3,5,1,0,6.0,312506.0
250.0,2,1,20.0,6.7,8,1,0,7.0,188672.0
1513.0,1,1,18.0,7.2,6,1,0,4.8,290531.0
1137.0,4,3,14.0,11.0,11,1,0,9.5,344190.0
2120.0,5,5,34.0,11.3,17,0,0,5.1,418151.0
1129.0,1,1,23.0,6.9,10,1,0,3.2,217563.0
1763.0,2,2,3.0,3.0,6,1,0,5.0,352372.0
1182.0,2,1,5.0,14.9,11,1,0,7.3,309023.0
1463.0,5,5,20.0,4.9,12,0,1,4.4,338073.0
1805.0,3,2,5.0,0.5,17,1,1,6.6,407027.0
1146.0,2,1,14.0,8.4,18,1,0,7.1,280108.0
1948.0,2,2,24.0,8.6,5,0,0,3.6,307172.0
853.0,3,3,18.0,5.1,18,0,1,4.9,242863.0
1562.0,2,2,4.0,1.7,16,1,0,6.7,376841.0
1907.0,1,1,6.0,1.4,2,0,1,7.4,376019.0
1763.0,5,5,19.0,5.4,11,0,0,4.9,350884.0
2454.0,3,2,46.0,2.8,3,1,1,6.3,438887.0
980.0,2,2,12.0,12.9,9,0,0,5.4,225725.0
641.0,4,3,25.0,5.2,0,1,1,7.5,265740.0
853.0,4,3,18.0,4.7,5,0,0,7.0,293388.0
1763.0,1,1,8.0,21.8,11,0,1,5.3,306006.0
1674.0,1,1,25.0,0.6,6,0,0,7.0,356057.0
1456.0,1,1,2.0,6.7,0,0,0,5.2,288184.0
782.0,4,3,24.0,1.1,7,1,1,6.9,302413.0
1822.0,4,4,19.0,15.9,10,1,0,6.9,376992.0
726.0,4,4,8.0,1.6,15,0,0,10.0,332966.0
2037.0,4,4,5.0,8.9,2,1,0,5.3,397364.0
2972.0,3,2,9.0,8.0,9,1,1,5.7,504097.0
1602.0,3,2,7.0,1.1,3,0,1,4.7,338181.0
1721.0,4,3,11.0,8.9,3,1,0,3.9,323389.0
1129.0,2,2,10.0,4.3,2,1,1,5.1,285123.0
404.0,5,5,8.0,10.2,15,1,1,7.3,268363.0
1069.0,5,4,2.0,4.1,18,1,1,7.5,371116.0
799.0,5,4,4.0,9.0,13,0,0,6.6,270047.0
604.0,5,4,28.0,6.2,7,1,0,5.4,248626.0
2347.0,2,2,8.0,8.9,18,1,0,5.0,443123.0
1550.0,1,1,11.0,10.1,9,0,0,4.2,297201.0
1609.0,3,3,9.0,5.7,10,1,0,4.9,373597.0
1230.0,4,3,35.0,5.0,12,0,1,3.4,266384.0
1305.0,4,4,7.0,9.9,13,1,0,8.7,369867.0
1931.0,2,1,6.0,4.4,9,1,0,9.7,441894.0
1382.0,2,2,19.0,5.8,9,1,0,2.1,251761.0
1692.0,3,3,15.0,18.1,6,0,0,6.6,310830.0
1292.0,5,4,20.0,6.7,13,0,1,6.5,354806.0
1212.0,1,1,19.0,11.3,13,1,0,6.4,267504.0
626.0,2,2,25.0,3.8,8,1,1,4.8,189495.0
312.0,2,1,4.0,8.9,14,1,0,8.0,208810.0
1256.0,5,5,18.0,5.9,2,1,0,6.8,345755.0
1431.0,3,2,7.0,5.1,8,1,1,8.1,374764.0
693.0,1,1,2.0,1.0,19,0,1,4.5,222458.0
1381.0,2,2,19.0,2.8,14,0,0,3.2,288094.0
1430.0,1,1,18.0,22.7,14,1,1,6.9,271630.0
250.0,3,3,13.0,6.1,17,1,0,4.1,173160.0
897.0,5,5,26.0,6.8,12,1,0,8.1,309261.0
1624.0,3,2,7.0,12.7,13,1,0,1.7,304148.0
1613.0,5,5,21.0,8.3,9,1,0,5.1,355844.0
765.0,4,4,12.0,5.0,16,0,1,4.8,256656.0
1487.0,5,4,12.0,5.1,14,1,0,5.3,378352.0
1962.0,2,2,2.0,2.6,10,1,1,6.5,435703.0
1827.0,5,5,26.0,9.4,2,1,1,6.8,430263.0
1348.0,2,1,18.0,9.7,16,1,0,7.3,291690.0
1143.0,3,2,20.0,6.8,6,0,0,7.5,302255.0
1054.0,4,4,6.0,6.0,7,0,0,5.7,301204.0
1657.0,2,2,16.0,9.7,2,0,0,10.0,376539.0
1507.0,2,2,12.0,2.5,4,0,1,8.8,372408.0
1746.0,1,1,18.0,8.6,2,1,1,5.4,345769.0
1473.0,1,1,16.0,18.7,1,0,0,5.7,274834.0
1850.0,3,2,39.0,3.9,0,0,0,5.3,344817.0
1452.0,5,5,31.0,5.6,5,1,0,6.7,363573.0
1832.0,2,2,11.0,15.5,15,1,0,4.1,359114.0
1879.0,3,2,19.0,6.8,17,0,0,4.4,341433.0
958.0,5,5,10.0,11.9,4,0,0,1.7,204831.0
406.0,4,4,25.0,9.0,8,1,0,5.2,197545.0
2249.0,1,1,12.0,9.5,16,0,0,8.1,419140.0
1541.0,3,2,9.0,3.7,14,0,0,5.7,357663.0
457.0,1,1,16.0,3.6,18,0,0,5.8,177412.0
1007.0,2,1,30.0,10.8,8,1,0,6.6,252623.0
1825.0,2,1,27.0,1.9,3,1,0,4.0,303479.0
1246.0,4,3,9.0,5.8,2,0,0,6.1,328638.0
1118.0,1,1,37.0,9.7,14,1,0,7.8,267160.0
2170.0,2,1,6.0,5.5,0,1,1,6.6,416282.0
824.0,2,2,8.0,6.1,9,0,0,8.0,300515.0
961.0,2,1,25.0,12.3,7,1,0,8.5,282847.0
1516.0,4,3,2.0,16.8,18,1,0,7.3,352550.0
1615.0,2,2,13.0,28.8,19,0,0,4.6,268959.0
1673.0,2,1,10.0,15.8,9,1,0,5.3,353592.0
1901.0,3,3,38.0,4.7,11,0,1,9.9,451801.0
1509.0,4,4,5.0,3.2,7,1,1,6.6,402963.0
1669.0,1,1,6.0,4.7,15,1,0,6.4,326363.0
1257.0,5,4,42.0,9.8,5,1,0,4.3,296946.0
1434.0,5,4,11.0,5.1,14,1,1,5.8,364959.0
1459.0,4,3,29.0,3.9,18,1,0,7.4,381751.0
1518.0,3,2,9.0,18.1,3,0,0,6.0,293397.0
1825.0,4,4,8.0,5.0,4,0,1,5.0,392194.0
1705.0,3,2,30.0,9.3,7,1,0,5.4,320346.0
1424.0,2,2,49.0,9.1,16,1,0,8.4,312286.0
955.0,2,2,32.0,1.0,12,0,0,7.3,274901.0
1437.0,1,1,9.0,17.4,3,1,0,7.1,278861.0
1385.0,5,5,13.0,2.4,7,1,1,6.9,422404.0
1506.0,2,2,6.0,1.7,12,1,0,3.6,299257.0
2614.0,2,1,7.0,4.5,19,1,0,6.5,461038.0
1112.0,5,4,7.0,3.3,9,1,0,8.1,372638.0
1632.0,3,3,9.0,15.6,1,1,0,5.5,349503.0
1988.0,4,4,15.0,8.2,2,0,0,8.0,418882.0
1454.0,2,1,13.0,4.2,0,1,0,7.1,315301.0
2686.0,2,2,22.0,1.6,2,1,0,7.7,475875.0
1192.0,4,3,15.0,8.9,8,1,0,6.1,295396.0
1578.0,3,2,21.0,5.3,5,1,1,7.8,376389.0
961.0,1,1,23.0,9.8,6,0,0,3.1,177788.0
1207.0,5,4,9.0,8.2,15,0,1,6.1,342268.0
1537.0,3,2,12.0,3.3,9,0,0,7.4,362594.0
1865.0,4,3,75.0,10.7,14,1,0,6.6,350890.0
1576.0,2,2,8.0,2.1,10,1,1,8.2,385019.0
2093.0,3,2,22.0,5.2,4,1,1,5.7,391719.0
1348.0,4,3,4.0,5.7,18,1,0,4.9,337282.0
1217.0,5,5,24.0,6.4,9,1,0,2.7,283746.0
2887.0,2,1,7.0,2.0,16,1,1,5.5,509757.0
1617.0,4,3,14.0,15.1,1,1,0,7.0,345982.0
1004.0,5,5,3.0,3.3,16,1,0,7.5,366583.0
1018.0,4,4,13.0,1.2,14,1,0,3.2,260657.0
882.0,1,1,13.0,8.4,4,1,1,8.4,268121.0
1915.0,1,1,11.0,22.5,15,1,0,4.1,322727.0
1200.0,2,1,18.0,1.0,14,0,0,5.8,266362.0
1470.0,1,1,28.0,12.4,17,1,1,4.9,295173.0
1365.0,4,3,6.0,6.7,4,1,0,6.8,330873.0
1802.0,5,4,12.0,2.1,17,1,1,6.2,407983.0
934.0,3,2,2.0,5.7,15,1,0,7.4,284778.0
808.0,3,2,15.0,19.0,6,0,1,9.7,276029.0
1523.0,4,4,5.0,16.2,7,1,0,6.8,368908.0
1731.0,3,3,13.0,32.4,5,0,0,4.8,303914.0
1583.0,3,2,16.0,11.0,9,0,0,6.9,352924.0
955.0,3,2,3.0,4.4,17,1,1,9.9,366828.0
1773.0,2,2,17.0,12.3,16,0,0,7.3,344189.0
991.0,1,1,27.0,3.7,2,0,0,7.9,244151.0
1113.0,3,2,20.0,6.1,2,0,0,2.8,236053.0
881.0,5,5,6.0,3.7,1,1,0,6.8,339736.0
2116.0,1,1,13.0,11.0,12,0,1,5.5,353602.0
1748.0,2,1,14.0,10.3,6,1,0,4.6,338250.0
1733.0,2,1,12.0,4.0,15,1,0,6.0,332059.0
2086.0,5,5,4.0,14.2,15,0,1,6.2,445537.0
2947.0,3,2,7.0,17.4,3,1,0,4.8,468253.0
460.0,3,2,11.0,4.4,13,1,0,6.4,225781.0
994.0,4,4,15.0,9.0,15,1,0,5.7,292130.0
1061.0,2,2,8.0,18.1,19,1,0,7.4,270586.0
932.0,4,3,2.0,8.4,14,1,1,6.5,316781.0
807.0,1,1,9.0,5.2,7,1,0,6.8,247855.0
1235.0,1,1,39.0,6.3,19,1,0,8.0,304394.0
731.0,5,5,17.0,4.4,5,0,1,7.1,316783.0
1584.0,4,3,15.0,14.5,16,1,0,6.0,349889.0
1428.0,1,1,7.0,13.3,7,0,1,1.8,221212.0
1665.0,3,2,9.0,3.6,18,1,0,7.0,370129.0
1679.0,1,1,2.0,4.2,15,0,1,4.2,348728.0
1732.0,4,4,6.0,1.7,11,0,1,5.8,420941.0
1195.0,4,4,17.0,9.9,4,0,1,6.7,328393.0
2567.0,2,2,15.0,2.4,3,1,0,8.7,495204.0
1529.0,2,2,8.0,24.6,18,1,1,9.7,375574.0
376.0,2,1,12.0,3.3,16,0,1,4.2,191501.0
849.0,2,1,13.0,1.0,10,0,0,3.4,200681.0
443.0,2,1,8.0,2.4,17,1,0,6.7,225401.0
1410.0,2,1,18.0,8.2,15,0,0,6.5,286823.0
1333.0,3,2,15.0,6.2,7,0,1,3.6,276667.0
1142.0,5,4,9.0,3.2,16,1,1,6.0,371006.0
2506.0,4,3,4.0,6.0,15,0,0,7.2,505458.0
1702.0,2,2,9.0,4.0,9,0,0,3.5,316626.0
1799.0,5,4,8.0,9.7,0,1,0,4.0,329607.0
888.0,2,2,8.0,2.5,14,1,0,4.7,244653.0
850.0,5,4,3.0,7.4,6,1,1,5.6,301144.0
1420.0,2,2,32.0,7.6,7,1,0,7.4,313327.0
1495.0,3,2,31.0,6.4,14,1,1,5.3,321779.0
379.0,2,1,11.0,8.9,16,0,0,6.1,184278.0
1301.0,4,4,15.0,5.9,1,1,0,10.0,378056.0
1408.0,2,1,18.0,10.9,16,0,1,4.1,271849.0
1282.0,5,4,12.0,6.4,5,0,0,4.7,309394.0
953.0,1,1,16.0,15.0,11,0,1,7.4,235659.0
1103.0,3,3,20.0,7.4,17,1,1,8.0,355513.0
1303.0,1,1,14.0,14.3,4,1,1,6.8,281554.0
1450.0,5,4,22.0,4.1,4,0,1,9.6,371531.0
1733.0,3,3,7.0,2.8,19,1,0,6.6,424180.0
1994.0,4,4,13.0,10.9,7,1,0,2.0,338754.0
1238.0,5,4,65.0,6.4,18,1,1,6.2,317493.0
1149.0,3,3,26.0,0.6,7,1,0,4.9,275740.0
1641.0,1,1,15.0,3.5,12,0,1,8.8,380008.0
1736.0,2,1,6.0,8.3,10,1,0,7.9,378644.0
1161.0,2,2,13.0,6.0,19,1,1,2.8,273103.0
1835.0,5,5,25.0,3.4,11,1,0,8.7,445098.0
1939.0,5,5,21.0,6.4,10,1,1,7.9,445338.0
2110.0,3,3,2.0,7.2,9,1,0,5.4,419508.0
2378.0,5,5,3.0,1.3,7,0,0,5.8,477919.0
923.0,2,1,3.0,14.1,8,0,1,8.8,255846.0
1408.0,4,3,18.0,16.3,9,0,0,2.1,242143.0
1406.0,2,1,3.0,3.5,15,1,0,6.9,382721.0
1346.0,2,2,5.0,22.0,0,1,0,8.2,284179.0
1043.0,2,2,11.0,6.1,10,1,0,5.8,277889.0
583.0,3,2,28.0,3.9,10,0,0,7.3,224303.0
1451.0,2,2,19.0,3.8,15,0,0,6.2,343448.0
977.0,2,1,10.0,21.1,13,0,0,4.4,185471.0
1447.0,2,2,23.0,2.6,8,1,0,4.4,298654.0
963.0,1,1,47.0,7.3,2,1,1,7.4,248161.0
795.0,5,4,13.0,8.0,7,0,1,4.7,257000.0
1529.0,2,1,4.0,10.9,5,1,0,3.0,268736.0
1483.0,1,1,6.0,6.9,4,0,0,6.2,304393.0
1719.0,3,3,6.0,20.1,14,0,0,5.0,321199.0
2602.0,5,4,7.0,22.6,9,1,1,3.6,440304.0
1553.0,2,2,10.0,17.1,15,0,1,6.1,330524.0
1667.0,5,4,16.0,8.6,2,0,0,7.5,391387.0
807.0,4,4,3.0,12.5,19,0,0,6.0,277201.0
692.0,4,3,4.0,5.1,9,1,1,3.9,252220.0
2271.0,2,2,20.0,14.4,5,1,0,7.0,420426.0
892.0,1,1,8.0,4.0,7,0,0,8.1,285966.0
826.0,2,1,6.0,3.0,16,1,0,10.0,312354.0
1378.0,5,4,11.0,2.9,14,1,1,8.9,426737.0
1350.0,4,4,31.0,9.9,3,1,0,4.0,266863.0
904.0,4,4,22.0,18.4,19,1,0,7.7,253739.0
1232.0,5,5,21.0,19.4,2,0,1,6.5,333556.0
2076.0,2,1,38.0,0.7,5,1,0,3.7,338281.0
957.0,2,2,16.0,13.1,14,1,0,6.6,262251.0
633.0,5,4,41.0,2.8,10,1,0,9.8,283411.0
1918.0,3,3,43.0,28.5,8,1,1,8.4,341625.0
1671.0,2,2,3.0,2.0,18,1,0,4.0,334847.0
1059.0,2,1,3.0,1.3,15,1,0,6.0,302633.0
530.0,5,5,5.0,13.2,19,1,1,7.0,275188.0
990.0,1,1,29.0,4.9,5,1,1,2.5,192529.0
1370.0,1,1,11.0,4.6,17,0,0,2.6,239077.0
2041.0,4,3,10.0,3.5,4,1,0,6.3,442609.0
830.0,1,1,23.0,4.0,16,1,0,6.3,249949.0
1354.0,1,1,8.0,13.6,10,1,0,2.3,227034.0
1771.0,5,4,15.0,2.9,11,0,0,6.8,416566.0
250.0,3,2,20.0,5.9,2,1,1,8.2,215277.0
1969.0,4,4,6.0,2.6,17,1,1,5.6,432406.0
750.0,3,3,5.0,7.1,5,0,1,6.1,256794.0
1583.0,1,1,13.0,4.6,11,0,0,7.1,340839.0
1536.0,1,1,14.0,9.3,3,1,0,6.9,305977.0
1997.0,4,3,22.0,10.2,18,0,1,2.7,358860.0
1703.0,1,1,5.0,18.7,6,0,0,4.2,315103.0
250.0,3,2,7.0,27.3,15,1,0,5.2,146634.0
968.0,2,2,42.0,3.8,15,0,0,4.3,212794.0
1476.0,2,1,25.0,11.0,11,1,0,8.9,338390.0
1293.0,5,4,12.0,4.5,2,0,0,7.3,357919.0
1663.0,4,3,28.0,10.0,5,0,0,3.8,283038.0
1834.0,4,3,5.0,9.7,12,0,1,5.6,410307.0
1735.0,2,1,11.0,9.5,10,1,0,8.3,391267.0
1282.0,2,2,14.0,11.7,11,0,0,4.7,253333.0
385.0,4,4,10.0,7.5,4,1,0,7.7,249022.0
1149.0,1,1,10.0,4.9,10,1,0,8.8,309189.0
1629.0,2,2,21.0,7.2,1,0,0,8.4,355591.0
800.0,4,4,26.0,26.0,9,1,0,6.4,229409.0
1747.0,4,4,9.0,4.1,1,0,0,8.5,418837.0
1900.0,1,1,4.0,5.2,13,1,0,5.0,345033.0
1470.0,4,3,3.0,3.5,11,1,1,10.0,423668.0
250.0,3,2,1.0,1.0,17,1,0,6.5,240545.0
697.0,2,1,38.0,6.3,9,1,0,8.3,227993.0
2437.0,4,3,21.0,10.5,3,1,1,5.3,404707.0
1099.0,5,4,18.0,3.0,4,1,1,7.0,340273.0
309.0,3,2,8.0,16.7,16,0,1,7.1,230853.0
2079.0,2,2,8.0,9.1,19,0,0,4.1,376246.0
1407.0,2,1,26.0,13.7,1,0,1,4.1,240428.0
2008.0,3,3,3.0,8.5,13,1,0,5.6,404886.0
1552.0,1,1,9.0,5.9,9,1,1,8.2,372364.0
1652.0,3,2,29.0,5.0,5,0,1,2.3,261248.0
1600.0,1,1,9.0,8.2,10,1,0,5.3,303245.0
1784.0,1,1,20.0,8.8,18,1,1,8.6,390709.0
2653.0,3,2,12.0,4.4,3,0,1,3.5,459187.0
1934.0,4,3,0.0,5.7,16,1,0,8.5,450991.0
531.0,5,5,12.0,22.7,1,0,0,3.7,200476.0
1646.0,1,1,13.0,7.3,14,1,1,4.2,303887.0
2028.0,2,1,11.0,7.9,1,1,0,5.7,325817.0
2061.0,3,2,4.0,19.1,1,1,0,9.7,442151.0
1165.0,3,3,11.0,8.9,0,0,0,4.7,273196.0
2041.0,5,4,2.0,6.6,16,0,1,2.5,405285.0
1910.0,4,3,9.0,13.5,11,0,1,3.2,359189.0
2815.0,3,2,22.0,11.4,13,1,0,7.9,505065.0
987.0,1,1,36.0,8.0,3,0,1,3.3,178993.0
1121.0,1,1,32.0,8.5,18,1,1,8.4,290238.0
1232.0,1,1,5.0,5.3,16,1,0,6.1,290350.0
1130.0,4,4,3.0,2.5,9,0,0,5.9,315085.0
910.0,2,1,14.0,10.3,17,0,0,6.6,220046.0
250.0,2,1,13.0,1.6,2,0,1,4.4,137690.0
1161.0,4,4,19.0,2.6,5,1,0,6.3,320650.0
1603.0,5,5,7.0,5.7,0,0,0,3.6,312062.0
1129.0,3,3,13.0,5.2,3,1,0,8.7,308092.0
2464.0,5,4,12.0,11.1,16,0,0,3.9,432362.0
1407.0,4,3,9.0,13.1,8,1,0,6.9,341469.0
2110.0,4,4,2.0,24.9,12,1,0,3.9,370803.0
1544.0,5,5,21.0,1.4,17,1,0,4.9,339133.0
1855.0,1,1,14.0,9.4,15,1,1,5.3,371534.0
1554.0,4,4,22.0,9.2,7,1,1,10.0,394095.0
2153.0,5,5,26.0,8.3,6,0,1,6.0,419370.0
1431.0,5,5,12.0,10.3,2,0,0,4.4,303563.0
1673.0,3,2,21.0,11.8,16,1,0,5.1,348670.0
1601.0,4,4,37.0,17.1,19,1,1,3.0,304608.0
1241.0,5,5,45.0,8.5,10,0,0,5.7,288013.0
1623.0,5,5,16.0,20.6,9,0,0,9.7,389593.0
2629.0,5,5,17.0,8.6,16,1,0,6.7,516226.0
1251.0,5,5,16.0,4.7,6,0,0,7.8,340696.0
1631.0,2,2,19.0,8.0,8,1,0,4.2,313938.0
2092.0,4,4,26.0,3.3,17,0,1,5.6,412495.0
2027.0,3,3,15.0,3.4,7,0,1,6.4,419221.0
1406.0,5,5,43.0,6.1,18,1,1,4.5,335748.0
250.0,5,4,39.0,5.4,3,1,1,6.8,205449.0
1684.0,5,5,13.0,16.8,9,0,1,7.2,359994.0
250.0,3,2,13.0,6.0,9,1,0,7.1,202344.0
2208.0,3,2,9.0,2.9,6,1,0,5.7,405311.0
1493.0,1,1,20.0,6.9,19,1,1,8.2,350935.0
1950.0,4,3,10.0,8.5,9,0,0,5.5,382508.0
904.0,3,2,8.0,7.5,17,1,1,5.3,264840.0
546.0,3,3,19.0,2.7,4,1,0,8.9,252270.0
1543.0,4,4,5.0,18.0,6,0,0,3.8,320239.0
1382.0,5,5,26.0,1.2,9,0,1,2.6,302754.0
1130.0,1,1,20.0,7.4,11,1,1,4.3,279097.0
1447.0,3,2,38.0,2.7,4,1,1,6.8,331765.0
2922.0,4,3,16.0,14.0,6,1,0,8.6,540918.0
1859.0,5,4,22.0,9.5,12,1,0,4.7,379661.0
1977.0,4,4,24.0,8.5,5,1,0,9.6,453068.0
1864.0,4,4,31.0,5.7,15,1,1,6.1,415480.0
2214.0,5,5,15.0,17.0,9,1,0,5.8,447311.0
1295.0,5,5,9.0,5.6,19,0,0,4.3,302817.0
270.0,4,3,16.0,21.9,4,1,0,9.9,235347.0
1296.0,2,2,26.0,3.3,16,1,1,5.7,313958.0
1846.0,3,2,28.0,7.0,9,0,0,3.3,314080.0
867.0,4,3,2.0,11.6,1,1,1,10.0,360672.0
1303.0,1,1,71.0,9.9,14,0,0,6.8,254853.0
1020.0,4,3,8.0,6.6,4,1,1,7.6,340564.0
2226.0,3,3,22.0,1.4,2,1,1,9.4,475119.0
1812.0,5,4,33.0,7.8,10,1,0,7.2,383691.0
1758.0,2,1,12.0,5.1,15,1,0,7.9,396746.0
1742.0,5,5,29.0,4.2,5,0,0,6.1,399369.0
1380.0,3,2,2.0,12.1,12,1,0,7.5,315929.0
1509.0,3,3,30.0,1.1,0,1,1,5.9,356060.0
748.0,4,3,27.0,6.7,3,1,0,6.0,242426.0
250.0,3,3,18.0,0.3,15,1,0,6.2,185494.0
1483.0,5,5,26.0,10.0,0,1,1,5.2,350666.0
1578.0,1,1,40.0,12.2,7,1,0,7.0,309365.0
2065.0,4,4,34.0,7.7,10,1,0,7.0,412781.0
2264.0,5,5,13.0,4.7,1,0,1,7.6,468179.0
2263.0,2,1,16.0,16.8,19,0,1,7.3,433073.0
851.0,2,1,11.0,17.6,10,1,0,10.0,270647.0
1206.0,3,2,10.0,8.8,6,0,0,8.1,332861.0
1664.0,4,4,24.0,19.4,19,1,0,5.6,320379.0
2793.0,5,5,11.0,3.3,11,1,0,6.9,555268.0
2214.0,4,3,24.0,6.3,13,0,1,8.8,471297.0
2016.0,4,4,12.0,0.6,1,0,0,4.1,402506.0
1187.0,3,3,14.0,2.5,3,1,0,10.0,386868.0
914.0,4,4,7.0,2.3,0,0,0,4.5,254981.0
1834.0,2,2,24.0,9.9,10,0,1,7.8,380313.0
795.0,3,3,2.0,2.7,16,1,1,6.0,272508.0
1269.0,1,1,31.0,3.9,18,1,0,5.9,258611.0
1337.0,1,1,55.0,4.3,11,0,0,3.4,203639.0
2276.0,5,4,14.0,2.0,1,0,0,7.8,482649.0
1205.0,5,5,14.0,7.3,12,1,0,3.4,325936.0
250.0,3,3,3.0,8.3,12,1,1,3.1,197445.0
1677.0,1,1,9.0,1.6,11,0,1,8.3,373358.0
1016.0,1,1,26.0,11.1,14,1,1,9.6,299655.0
1423.0,1,1,29.0,3.1,11,0,0,4.7,280506.0
1352.0,4,4,16.0,4.3,14,1,1,8.0,393621.0
1249.0,2,1,25.0,9.5,9,0,0,7.6,283060.0
1835.0,2,2,7.0,4.3,3,1,0,5.8,372065.0
557.0,5,4,18.0,2.5,1,1,0,8.7,291283.0
1116.0,5,5,36.0,7.0,18,0,1,5.7,302371.0
1776.0,4,3,21.0,14.1,8,1,1,7.0,378428.0
1062.0,2,2,40.0,12.9,6,1,0,3.5,198451.0
515.0,3,2,41.0,4.0,5,1,1,3.6,165889.0
1768.0,2,1,19.0,2.9,1,0,1,8.3,363438.0
2018.0,5,5,0.0,3.5,18,1,1,7.1,495950.0
1375.0,1,1,28.0,13.0,1,0,0,5.7,256528.0
322.0,4,3,4.0,3.4,4,1,1,9.8,313128.0
1788.0,3,2,1.0,18.7,9,0,1,9.8,412487.0
487.0,4,4,2.0,9.4,7,1,1,6.9,257639.0
1570.0,3,2,30.0,6.4,0,1,0,3.1,273950.0
912.0,1,1,19.0,3.9,6,1,1,5.8,247139.0
762.0,4,4,16.0,7.0,15,1,1,4.3,264206.0
1157.0,4,3,21.0,2.5,5,0,0,6.2,298450.0
1299.0,3,3,2.0,1.6,17,0,1,4.1,295888.0
1046.0,2,1,11.0,9.5,7,0,0,3.6,207132.0
1724.0,2,2,8.0,6.3,0,0,0,1.5,279854.0
1155.0,3,2,15.0,11.3,2,0,0,6.3,283174.0
1939.0,2,1,15.0,8.1,16,0,0,1.4,276240.0
1555.0,2,1,20.0,3.9,8,0,0,5.4,310311.0
1016.0,2,1,22.0,12.9,19,1,0,7.4,271444.0
924.0,1,1,2.0,4.3,15,1,0,4.6,237430.0
494.0,5,4,11.0,15.5,0,1,0,3.8,187275.0
1560.0,2,1,14.0,4.2,6,0,0,5.9,307651.0
1205.0,1,1,4.0,1.9,14,1,1,4.3,285671.0
250.0,1,1,4.0,17.4,1,1,0,6.4,166685.0
1105.0,5,5,3.0,4.0,19,0,0,3.9,325359.0
904.0,3,2,25.0,4.3,3,1,0,5.8,237306.0
2267.0,2,1,3.0,2.0,15,1,0,5.3,422288.0
463.0,3,3,3.0,5.9,16,0,0,6.0,194585.0
607.0,1,1,15.0,2.3,10,1,1,9.3,270775.0
2010.0,2,1,18.0,16.7,16,1,0,6.4,373877.0
2146.0,2,1,13.0,4.8,17,1,0,7.0,442341.0
990.0,5,4,5.0,3.0,14,1,0,4.8,284060.0
1052.0,1,1,4.0,6.8,14,1,0,6.4,261023.0
1739.0,3,3,14.0,26.9,7,1,1,5.5,329980.0
250.0,4,4,12.0,7.0,5,0,1,6.1,184893.0
376.0,5,4,10.0,5.4,17,0,0,7.3,255189.0
1246.0,3,2,24.0,6.7,4,1,0,5.0,287480.0
2252.0,2,1,11.0,11.7,8,1,0,5.2,371278.0
1160.0,2,2,3.0,11.0,10,1,0,5.0,276286.0
1456.0,2,2,10.0,7.9,7,1,0,5.0,290297.0
2024.0,4,3,20.0,13.3,7,1,1,6.3,423908.0
2559.0,2,1,11.0,6.9,11,1,0,5.3,441765.0
1083.0,4,4,20.0,5.7,6,1,0,9.0,335763.0
1391.0,4,3,23.0,6.8,19,0,1,10.0,372024.0
2402.0,5,4,11.0,4.2,3,1,0,4.9,467164.0
563.0,2,2,13.0,11.9,7,0,0,6.6,221055.0
1965.0,5,4,10.0,4.0,16,1,1,8.1,462469.0
840.0,3,2,20.0,0.9,9,0,0,5.5,239925.0
1456.0,4,3,10.0,1.6,14,1,0,4.0,325018.0
1267.0,4,4,19.0,8.5,12,0,1,9.5,391683.0
873.0,5,4,16.0,3.5,6,0,0,7.4,277243.0
859.0,3,3,2.0,11.2,14,1,1,6.6,306440.0
1552.0,4,3,19.0,6.4,4,1,0,8.9,385065.0
1948.0,2,2,15.0,11.9,14,0,0,7.5,379721.0
1329.0,3,2,31.0,1.0,2,0,1,5.9,297903.0
1439.0,3,2,4.0,4.0,13,0,0,4.0,310406.0
1714.0,4,4,16.0,2.9,2,1,1,5.0,368545.0
866.0,4,4,9.0,30.4,17,1,0,8.4,291265.0
1807.0,1,1,2.0,4.6,12,1,0,7.4,399952.0
1851.0,5,4,1.0,1.6,0,0,1,5.6,403240.0
2832.0,4,3,36.0,8.4,2,1,0,9.5,537481.0
1193.0,1,1,16.0,2.7,3,1,0,5.7,268163.0
1148.0,5,5,11.0,12.7,19,1,0,8.0,356917.0
1823.0,4,4,3.0,14.2,11,1,1,6.4,427046.0
1851.0,1,1,34.0,2.9,5,0,1,9.9,381442.0
1106.0,3,2,7.0,3.6,5,1,0,7.5,333520.0
1178.0,5,4,16.0,7.8,0,0,0,6.1,315224.0
1698.0,2,2,14.0,13.0,4,1,0,5.6,325048.0
945.0,5,5,46.0,8.5,17,1,0,6.0,283654.0
1174.0,3,2,13.0,4.6,11,1,0,4.5,286150.0
1449.0,2,1,8.0,1.9,7,1,1,3.3,282925.0
1948.0,2,2,16.0,19.9,0,1,0,6.6,343780.0
1067.0,3,2,17.0,8.7,6,0,0,4.9,234352.0
387.0,4,4,67.0,22.7,7,1,0,4.9,121623.0
346.0,5,5,13.0,9.6,2,1,0,5.8,243148.0
707.0,1,1,4.0,20.8,12,0,0,6.1,197780.0
678.0,5,4,10.0,3.3,13,1,0,6.0,262968.0
1315.0,3,2,16.0,3.5,19,1,0,9.5,370143.0
746.0,1,1,18.0,5.6,7,1,1,7.3,249189.0
1013.0,5,4,3.0,3.1,5,1,0,10.0,390841.0
974.0,2,1,9.0,1.3,16,1,0,5.1,256841.0
1158.0,4,3,44.0,3.8,7,1,1,7.6,300490.0
2127.0,4,3,6.0,9.5,12,1,0,5.2,416647.0
1764.0,1,1,25.0,2.2,14,1,0,4.9,336948.0
1409.0,2,2,10.0,2.4,17,0,1,10.0,390560.0
1146.0,4,4,13.0,4.0,6,0,0,4.5,275993.0
1162.0,2,2,3.0,2.8,12,1,0,1.5,268751.0
1580.0,1,1,11.0,4.2,2,1,1,4.6,311487.0
1721.0,1,1,16.0,5.9,15,0,0,2.0,276450.0
901.0,5,4,13.0,2.3,0,1,1,4.1,272770.0
1420.0,1,1,11.0,4.1,13,0,0,4.3,293141.0
283.0,1,1,20.0,6.3,4,1,0,6.1,168670.0
1516.0,3,3,4.0,3.2,9,1,0,1.9,307723.0
1819.0,1,1,16.0,1.9,1,1,0,8.4,369079.0
1246.0,4,3,1.0,3.4,13,0,0,2.2,294004.0
2399.0,3,2,29.0,4.8,9,1,0,5.7,437699.0
915.0,4,4,12.0,1.3,13,1,0,5.4,310099.0
1520.0,3,2,23.0,9.6,6,1,0,7.7,345568.0
1380.0,4,3,0.0,5.0,0,0,0,6.7,345592.0
1345.0,4,3,21.0,3.4,11,1,0,8.4,365321.0
1337.0,3,3,7.0,1.5,13,0,0,5.3,354022.0
1459.0,1,1,13.0,8.7,13,1,0,5.1,285298.0
1866.0,2,1,21.0,14.3,5,1,1,6.8,341051.0
2158.0,1,1,12.0,4.0,14,1,0,8.1,423618.0
1399.0,1,1,19.0,21.4,10,0,0,7.7,269428.0
1848.0,2,1,10.0,6.1,4,1,1,6.6,397392.0
1014.0,2,2,31.0,6.3,2,1,1,6.5,245788.0
1821.0,1,1,12.0,11.6,6,0,0,5.9,318260.0
981.0,2,1,12.0,9.1,0,1,0,6.8,263615.0
2000.0,3,2,12.0,2.2,14,1,1,10.0,491336.0
2616.0,1,1,13.0,3.8,0,1,0,5.5,446842.0
1333.0,2,1,4.0,13.0,0,0,0,5.3,292560.0
250.0,1,1,6.0,9.2,3,1,0,5.1,154171.0
1099.0,1,1,26.0,21.5,6,0,0,6.8,216581.0
2078.0,1,1,23.0,8.2,0,0,1,1.8,312312.0
